avg_packet_size_sent,sd_packet_size_sent,avg_packet_size_recv,sd_packet_size_recv,avg_time_between_outgoing_packets,sd_time_between_outgoing_packets,avg_time_between_incoming_packets,sd_time_between_incoming_packets,ratio_incoming_to_outgoing,number_incoming,number_outgoing,dataset
638.8067226890756,550.8915774668496,382.36690647482015,464.05117696102394,0.04035372033898306,0.08598116321671716,0.034445753623188406,0.0706591195693529,1.1680672268907564,139,119,instagram
767.75,625.0306829677746,110.1875,30.30217441362168,0.08587016279069767,0.20103549603177281,0.11745212903225806,0.20958895792136567,0.7272727272727273,32,44,instagram
606.125,623.6701136933577,336.6,534.1304147865013,0.23077457142857144,0.4324076472354224,0.399759,0.49938653035950015,0.625,5,8,instagram
724.5,725.4485968465765,107.5,15.673757260678329,0.4362596666666667,0.5007522750424827,0.8841286666666667,0.6139024107442124,1.0,4,4,instagram
491.6363636363636,578.9575585010136,232.22222222222223,397.4750865707742,0.2373176,0.2310878018304731,0.29381424999999994,0.23852624358115712,0.8181818181818182,9,11,instagram
482.2,586.2160011463351,105.25,11.7011395456454,0.71662125,0.9550640108119389,0.9472073333333334,0.9902735599453764,0.8,4,5,instagram
372.90909090909093,406.9821751736689,388.6666666666667,490.01917092986054,0.39500769999999996,0.9888770548917646,0.3587278181818182,0.9420184170107405,1.0909090909090908,12,11,instagram
89.0,0.0,93.0,,0.000144,0.0,0.0,0.0,0.5,1,2,instagram
792.7727272727273,612.5102861579965,210.45454545454547,352.88422000320827,0.22804919047619046,0.5981036718425852,0.4641299000000001,0.831556063757754,0.5,11,22,instagram
598.1951219512196,588.7870676022104,283.9310344827586,390.1374236850471,0.1218626,0.3039479532575273,0.17281985714285714,0.3532288678830033,0.7073170731707317,29,41,instagram
621.3404255319149,626.8747977275063,149.53571428571428,224.5983216425628,0.05586863043478261,0.15740695110326064,0.16173492592592595,0.3813252611107474,0.5957446808510638,28,47,instagram
105.66666666666667,15.947831618540913,95.2,15.287249589118378,2.171824,0.20800000000000007,1.0823915,0.8716225272876156,1.6666666666666667,5,3,instagram
671.8333333333334,621.090219377234,245.8,364.7150485881638,0.3671808181818182,0.47530716866690403,0.45625211111111114,0.5141959105633754,0.8333333333333334,10,12,instagram
549.1538461538462,590.3470513398378,377.6666666666667,536.0727562560888,0.3296215833333333,0.5289452236521374,0.49285049999999997,0.6292603611052027,0.6923076923076923,9,13,instagram
818.3953488372093,617.1603611756211,139.1,142.0454881003095,0.08070480952380954,0.2671889416510024,0.11638079310344829,0.32035869867194927,0.6976744186046512,30,43,instagram
480.8,529.9704708755008,348.2,528.0622122439742,0.0152155,0.026224782177360403,0.29288474999999997,0.48250170457801234,1.0,5,5,instagram
434.55555555555554,555.2781084985953,269.14285714285717,451.09216669893846,0.598445375,0.6726458357467803,0.7901143333333334,0.6781799448078332,0.7777777777777778,7,9,instagram
489.6,588.9488942174864,105.5,11.818065267490557,0.61893775,0.5894814699884022,0.8041556666666666,0.5555810210877338,0.8,4,5,instagram
415.6666666666667,531.3265160583147,255.4,179.47924671114484,0.249199,0.3271835488938893,0.307823,0.5079778313199308,0.8333333333333334,5,6,instagram
498.5,614.8719378862561,403.0,593.0300723122451,0.5011019999999999,0.5081732014114873,0.8229036666666666,0.44331206302057197,0.6666666666666666,4,6,instagram
98.0,,94.0,,0.0,0.0,0.0,0.0,1.0,1,1,instagram
677.32,602.7047176409577,570.4137931034483,603.3555879555947,0.13560666666666668,0.2786834203852804,0.11457735714285712,0.2557597211022506,1.16,29,25,instagram
748.3636363636364,624.6124034514961,608.5714285714286,639.3068791388731,0.22972299999999998,0.43867857493248974,0.3730845,0.4995844199588127,0.6363636363636364,7,11,instagram
112.75,19.241881404893856,110.25,21.54646142641524,1.4802693333333334,0.452564464420509,1.488084,0.4873986334880309,1.0,4,4,instagram
653.0,609.2076821577351,305.0,439.14538215341247,0.37527299999999997,0.7657242701281796,0.3714126666666666,0.7714126981946104,1.0,7,7,instagram
460.4,589.2998387917648,100.33333333333333,8.736894948054106,0.24086999999999997,0.3797913464351182,0.4588525,0.4366555,0.6,3,5,instagram
1121.4285714285713,451.2895807730173,979.0,590.0,0.657453,1.2990793086116799,1.3127563333333334,1.5812878439858933,0.5714285714285714,4,7,instagram
641.7222222222222,581.7649419760685,440.0,502.29224561006316,0.2409765882352941,0.4593032836092533,0.34381291666666663,0.5227656842806438,0.7222222222222222,13,18,instagram
604.1333333333333,550.5914828185965,305.90909090909093,392.58004395166455,0.17998714285714287,0.29909363796664484,0.2457217,0.33030012705569767,0.7333333333333333,11,15,instagram
747.375,686.8655384113712,105.0,9.939818911831342,0.6544441428571428,0.7862785165102445,0.9127688,0.8364839729994593,0.75,6,8,instagram
323.42857142857144,498.2161034273036,152.0,64.63745044476924,0.5043093333333334,0.8136238439222937,0.5974632,0.8674209499728261,0.8571428571428571,6,7,instagram
786.0,652.1735454105244,398.25,595.8760357658294,0.3554633333333334,0.7436868671817162,0.7184149999999999,0.9631333244291779,0.5714285714285714,4,7,instagram
694.25,690.2233334218715,486.3333333333333,682.140992268705,1.1995976666666666,1.6540963693659314,1.8079555,1.2793675000000002,0.75,3,4,instagram
714.1142857142858,626.3100045893723,169.72727272727272,252.9255832242967,0.09933473529411765,0.40764806828701616,0.16089961904761904,0.5150373799007192,0.6285714285714286,22,35,instagram
753.4666666666667,632.0078962737578,428.09090909090907,554.9899917197525,0.1634952857142857,0.4067058305777265,0.3578849,0.5502705661763948,0.7333333333333333,11,15,instagram
819.6,646.9256526062327,502.0,684.2835669515964,0.72338425,0.8187584966790803,1.5006285,0.4723655,0.6,3,5,instagram
304.85714285714283,236.10762275667747,532.125,554.5078738330567,0.18451133333333333,0.25065220335334953,0.1504737142857143,0.23003422848767174,1.1428571428571428,8,7,instagram
571.4,657.8193521020798,492.0,692.8210447150116,0.49278325,0.824945046290168,0.996282,0.923947,0.6,3,5,instagram
96.5,2.1213203435596424,92.5,2.1213203435596424,2.086687,0.0,2.111449,0.0,1.0,2,2,instagram
948.0,646.167780069542,404.5,579.8836090113257,0.4657872,0.654625356870447,0.7825966666666667,0.7110566860864346,0.6666666666666666,4,6,instagram
96.25,9.5,97.66666666666667,7.234178138070236,0.22474399999999997,0.25616531392963154,0.3035525,0.24397049999999998,0.75,3,4,instagram
580.2,649.8793734224837,394.75,586.3112796686302,0.47785525,0.8026820447360759,0.7129766666666667,0.8402735922262993,0.8,4,5,instagram
523.8333333333334,598.1529625995902,327.1666666666667,452.41150147478197,0.5852276000000001,0.8876351740091422,0.5851477999999999,0.8956445981891255,1.0,6,6,instagram
777.8666666666667,561.1278014176535,516.7272727272727,534.2084033238509,0.12061399999999999,0.2400484251021031,0.17087720000000003,0.26588998547775355,0.7333333333333333,11,15,instagram
98.0,,94.0,,0.0,0.0,0.0,0.0,1.0,1,1,instagram
417.72727272727275,542.8589302773034,159.75,105.07242400227705,0.20970660000000002,0.5383975619337815,0.29531928571428573,0.6107728588730171,0.7272727272727273,8,11,instagram
892.65,619.163125772029,692.8260869565217,648.9950729728871,0.22323284210526312,0.5232013495574763,0.19282945454545455,0.43397864936262887,1.15,23,20,instagram
596.1538461538462,594.6858899388043,476.72727272727275,554.6175422593647,0.184889,0.43427788617485463,0.22125369999999997,0.5196490844468121,0.8461538461538461,11,13,instagram
535.04,566.9891592144127,350.625,468.987544255353,0.141618125,0.3404040832453532,0.2195652666666667,0.41324777832263726,0.64,16,25,instagram
776.9032258064516,626.454646128444,235.27777777777777,381.286029048682,0.13025316666666667,0.44775720413047393,0.22616488235294116,0.5642649262701803,0.5806451612903226,18,31,instagram
871.0833333333334,577.2433642019209,189.25,200.1818815834383,0.20686727272727268,0.34038140378460774,0.3154875714285715,0.4427189654267486,0.6666666666666666,8,12,instagram
731.68,563.1525636983285,322.5,359.336193556953,0.158378125,0.3952712953459215,0.22108847058823528,0.4602222323788569,0.72,18,25,instagram
732.5238095238095,563.5692166049898,530.1875,570.7291498600715,0.154168,0.22526670790354264,0.2043866666666667,0.23169698664237207,0.7619047619047619,16,21,instagram
512.2,600.049331305352,105.5,11.818065267490557,0.5481447500000001,0.7473559375636802,0.7253123333333332,0.7793008771654815,0.8,4,5,instagram
453.5,539.7994998145144,173.66666666666666,141.0895696593716,0.19092599999999998,0.30454115427573986,0.1832774,0.3293559847736792,1.0,6,6,instagram
810.8,658.9102366787148,692.5,847.8210306426705,0.48685375000000003,0.8431676743914507,1.928191,0.0,0.4,2,5,instagram
109.33333333333333,22.27853974867593,107.33333333333333,25.73583752927682,1.8414685,0.6364775000000001,1.8523809999999998,0.646551,1.0,3,3,instagram
551.2916666666666,551.5226732038957,674.25,616.0074992485357,0.18067921739130435,0.430193814194603,0.18256521739130435,0.4301270661600761,1.0,24,24,instagram
813.047619047619,563.055368164666,606.0,564.6195179056424,0.11244644999999998,0.2689509354035556,0.14819446666666666,0.2959892258104151,0.7619047619047619,16,21,instagram
105.66666666666667,15.947831618540913,101.66666666666667,15.947831618540913,1.115407,0.5943829999999999,1.1266315,0.5604455,1.0,3,3,instagram
574.0,643.4505938039584,140.0,63.04918714781341,0.496886,1.0531965351629928,0.5867644,1.136625102326814,0.8571428571428571,6,7,instagram
602.875,685.3592254118586,101.8,7.758865896508329,0.3075247142857142,0.6246930361670703,0.52557675,0.7832102195443363,0.625,5,8,instagram
732.6666666666666,696.5887356731134,337.0,533.9101047929323,0.5679334,0.8640444192534549,0.70597725,0.9377906680969305,0.8333333333333334,5,6,instagram
749.2916666666666,601.9250624430765,185.26666666666668,301.44188415648136,0.0877055652173913,0.19883361437771688,0.1469032857142857,0.26038586244824885,0.625,15,24,instagram
417.25,588.9336004290176,298.8333333333333,486.5965132084967,0.3279042857142857,0.3267571242982051,0.4489384,0.31329919941844725,0.75,6,8,instagram
723.1428571428571,619.884781920917,339.2,522.669302714441,0.41171266666666667,0.6419239128343448,0.6126484999999999,0.6967867302875034,0.7142857142857143,5,7,instagram
353.1818181818182,472.45398044292483,237.1818181818182,353.0713293887846,0.0423175,0.07962257913337145,0.0410428,0.08323819927989794,1.0,11,11,instagram
502.8888888888889,498.0033745981157,645.625,615.2625310734087,0.28229225,0.446455808920589,0.29486599999999996,0.4253315926024239,0.8888888888888888,8,9,instagram
98.0,,94.0,,0.0,0.0,0.0,0.0,1.0,1,1,instagram
603.75,594.4552728579093,123.6,57.7174150495325,0.5427712857142857,0.906995039674846,0.9554114999999999,1.0310746970356948,0.625,5,8,instagram
646.8285714285714,634.160931779117,505.7741935483871,580.827094735167,0.12841067647058826,0.28786371773275754,0.1457251,0.29497577468512565,0.8857142857142857,31,35,instagram
388.9976539589443,195.12190421946468,414.44923559388474,502.2496633973475,0.0016311226525821596,0.01689693606190614,0.001073826274509804,0.014031633262110597,1.4961876832844574,2551,1705,instagram
606.5,597.5583892570069,181.77777777777777,274.57930525040456,0.11264854285714285,0.4294854540254514,0.14915388461538462,0.49797217086556517,0.75,27,36,instagram
636.0,559.8740929887718,325.3,408.2393225112501,0.1580125,0.3060098987994506,0.20909244444444444,0.34194619112210267,0.7692307692307693,10,13,instagram
593.0,564.7910652342342,1470.6638554216868,166.2797257158935,0.19218310526315788,0.48082126571226735,0.0042599505428226785,0.0784846874167405,41.5,830,20,instagram
697.5263157894736,550.0327635111136,512.4285714285714,566.1385494230693,0.2457643888888889,0.762568905597618,0.22202185000000002,0.6818429424918377,1.105263157894737,21,19,instagram
455.2352941176471,522.4503001975122,266.7142857142857,381.5168972105205,0.19030143749999998,0.38563981942545306,0.23157561538461538,0.4238685173322825,0.8235294117647058,14,17,instagram
637.2666666666667,639.0262085690188,103.36363636363636,8.991915560910558,0.12925985714285712,0.29068798138697916,0.1787925,0.3303429776006295,0.7333333333333333,11,15,instagram
466.0,487.3385446923495,157.57142857142858,80.01220145048117,0.30755385714285716,0.44644186153196086,0.35042366666666674,0.49880632173308403,0.875,7,8,instagram
773.0,631.3463567822517,297.1666666666667,478.5989622498848,0.3632416666666667,0.5261199700630181,0.6657094,0.5803925769637651,0.6,6,10,instagram
673.625,624.263666250087,107.83333333333333,15.778677595624629,0.39994485714285716,0.8462130627837393,0.5758432000000001,0.9914872721997798,0.75,6,8,instagram
431.7,519.3359114185046,308.42857142857144,436.8187485074548,0.029766111111111104,0.06697518471866103,0.050733499999999994,0.07915502274387477,0.7,7,10,instagram
546.7647058823529,536.6786216712958,532.3333333333334,558.8852916572141,0.08472530303030303,0.16706224711139311,0.10746961538461539,0.1828493272508347,0.7941176470588235,27,34,instagram
671.7735849056604,612.5215111296229,110.1875,27.895470206908435,0.0767265,0.21556729928471025,0.12702032258064516,0.28145644820989296,0.6037735849056604,32,53,instagram
665.8888888888889,634.2194896966752,444.75,531.7549784843177,0.46504125,0.7769745701180878,0.5315775714285714,0.8227270053757386,0.8888888888888888,8,9,instagram
104.33333333333333,26.558112382722783,109.0,24.331050121192877,0.5273684999999999,0.5272835,1.1679325,0.060787499999999994,1.0,3,3,instagram
621.25,650.9067393516012,100.66666666666667,8.326663997864532,0.46243166666666663,0.6074145762943864,0.680451,0.658162,0.75,3,4,instagram
709.4444444444445,541.3298696523016,380.375,443.77952618067326,0.033786874999999994,0.04741254917328718,0.039009857142857145,0.045990497640983466,0.8888888888888888,8,9,instagram
96.0,8.246211251235321,96.0,6.782329983125268,0.6628809999999999,0.7848585263787989,0.8662803333333334,0.7957477709133437,0.8,4,5,instagram
599.7272727272727,552.9121251897251,463.6666666666667,543.7467241280632,0.22720010000000004,0.3420819508236148,0.281588625,0.3707301981630096,0.8181818181818182,9,11,instagram
139.75,78.94037834551678,185.0,154.87414245121747,1.2746093333333333,1.7391645790256756,0.9465709999999999,1.6122683864126035,1.25,5,4,instagram
579.8,601.7540076428953,323.6363636363636,474.67826424374493,0.1649052142857143,0.28242807792988356,0.22801489999999996,0.3333955481803708,0.7333333333333333,11,15,instagram
109.33333333333333,22.27853974867593,107.33333333333333,25.73583752927682,1.0715555,0.1995885,1.0805155,0.22911450000000005,1.0,3,3,instagram
554.25,584.6678544267677,124.4,59.49201627109305,0.468253,0.7325296071299779,0.7892042499999999,0.7687030327432613,0.625,5,8,instagram
677.6923076923077,614.5420697280107,623.3076923076923,600.2878762835007,0.09063336842105263,0.2072096847781596,0.08671539473684212,0.1945895706305615,1.0,39,39,instagram
907.0,565.3350628904361,696.6153846153846,616.34643105718,0.1793120666666667,0.43048793614137687,0.2159035,0.46681760025740604,0.8125,13,16,instagram
480.9230769230769,518.1372825706944,526.5833333333334,538.9989809963944,0.17811425,0.4946670181194492,0.19783781818181814,0.46652782721073244,0.9230769230769231,12,13,instagram
426.44444444444446,443.4884753607221,498.75,578.0058699652502,0.256627875,0.3907787323439691,0.29428842857142856,0.41642181440692944,0.8888888888888888,8,9,instagram
98.0,,94.0,,0.0,0.0,0.0,0.0,1.0,1,1,instagram
740.8571428571429,595.7987435847299,573.4,647.8296844078696,0.1539035,0.21749747249470125,0.8399165000000001,0.9283457269677335,0.7142857142857143,5,7,instagram
637.4615384615385,611.8813359065376,237.55555555555554,395.6431823976975,0.2285556666666667,0.27475773542199355,0.338383125,0.27864541509795093,0.6923076923076923,9,13,instagram
733.5,547.4691641675225,349.5769230769231,389.07440656788754,0.13058734285714285,0.31511384024081046,0.181934,0.3590007819831037,0.7222222222222222,26,36,instagram
806.25,589.3320371403544,349.6666666666667,461.490050452517,0.04461566666666667,0.05894015071428155,0.0286798,0.05035125075467341,1.5,6,4,instagram
393.0,398.78314909233563,1172.5533980582525,473.48116563165325,0.10503453191489363,0.23907852450116307,0.02374937073170732,0.12489318169730959,4.291666666666667,206,48,reddit
552.3333333333334,519.8563149903001,1281.1066666666666,397.0009385697032,0.15668764705882351,0.35177041546054894,0.036185067567567564,0.18779656634222008,4.166666666666667,75,18,reddit
513.8881118881119,504.5950838647702,639.8391472868217,509.7324248563662,0.027616253521126757,0.1213791654687055,0.007526023300970874,0.05952705144865089,3.6083916083916083,516,143,reddit
776.9666666666667,576.9821536665736,777.0833333333334,563.8854701500366,0.06775506779661017,0.2497384551829132,0.0653799152542373,0.2493532511647212,1.0,60,60,reddit
413.6923076923077,503.2225128468494,557.25,562.9086959712027,0.34665250000000003,0.5903593944486273,0.31719333333333327,0.5501196470850883,1.2307692307692308,16,13,reddit
786.3611111111111,578.7283365106967,648.2051282051282,492.75323560514374,0.05017314084507042,0.25875301091926056,0.023459354838709676,0.17798017218116005,2.1666666666666665,156,72,reddit
267.0235294117647,195.5500774050198,618.4570135746607,494.95130359718985,0.05657926190476191,0.26816609125432295,0.010779104308390021,0.0750939463925989,5.2,442,85,reddit
160.6,64.39176966041545,795.5555555555555,571.6900626893718,0.916144,1.5677940605452616,0.46045725,1.2015711371527018,1.8,9,5,reddit
728.2056074766355,580.2326101272247,964.1580547112462,551.0317976448515,0.035941783018867926,0.14341284433753212,0.013980283536585366,0.09187742380178683,3.074766355140187,329,107,reddit
695.5986394557823,560.1685859236222,582.2442159383033,496.82930182640604,0.023304226027397262,0.10137028932931574,0.009191971649484534,0.06629595349367708,2.6462585034013606,389,147,reddit
556.5890410958904,542.2811344377778,823.6088888888889,551.1332625916535,0.06407181944444444,0.1571163309536676,0.020723321428571428,0.09249625829794358,3.0821917808219177,225,73,reddit
775.8101265822785,580.3993778811755,783.1614906832298,514.8388570783716,0.047665782051282045,0.29221452203873144,0.023294506249999996,0.20731415770727032,2.037974683544304,161,79,reddit
783.9166666666666,612.9602476111442,522.0,571.451222765338,0.07435281818181817,0.1657063964562394,0.06939274999999999,0.11722372018930653,1.0833333333333333,13,12,reddit
910.4545454545455,560.2334109525018,728.5714285714286,549.8270301342069,0.03493612962962963,0.12835431484834042,0.047030170731707316,0.14568863742390573,0.7636363636363637,42,55,reddit
446.7307692307692,510.22226981520964,1176.1478260869565,487.7945757500769,0.14263075999999997,0.2239204780536662,0.031578421052631575,0.12665920896184477,4.423076923076923,115,26,reddit
807.875,567.4439526224736,484.7232472324723,482.50678077577487,0.04443032183908045,0.18697739242181644,0.014559818518518518,0.10016270060042694,3.0795454545454546,271,88,reddit
556.328,506.4853718232815,559.1620553359684,477.66081571988195,0.03564900806451613,0.13639844547356386,0.008756093069306931,0.060634657611473707,4.048,506,125,reddit
875.8888888888889,627.2285158625292,540.0,577.5418352193817,0.24502525,0.6340509311860818,0.2870007142857142,0.6742720300988561,0.8888888888888888,8,9,reddit
512.4797687861271,492.0353384642415,661.8088235294117,516.8534701318829,0.027650377906976744,0.11010016602110384,0.006283254350736279,0.03908097856941837,4.323699421965318,748,173,reddit
734.604938271605,577.8871576487131,1030.2075471698113,540.7562458363603,0.04225496250000001,0.12991350312163893,0.022500037974683543,0.08412876195097382,1.962962962962963,159,81,reddit
583.5328467153284,527.673738479382,556.2859680284192,467.6928360529805,0.028255161764705883,0.154339784002472,0.006653581850533807,0.06741500518365581,4.109489051094891,563,137,reddit
854.0909090909091,630.4916263592173,684.1428571428571,625.0307801944447,0.3305302,0.5933716666108687,0.5508303333333333,0.6979313265010788,0.6363636363636364,7,11,reddit
838.4477611940298,576.1400104347031,761.4716981132076,577.0387803183523,0.05922943939393939,0.2337499479213767,0.0745554423076923,0.2584537410048469,0.7910447761194029,53,67,reddit
533.0,558.6314158938158,1171.7692307692307,460.1530577302095,0.2254915882352941,0.39335396994535543,0.05856326562499999,0.2270552371869868,3.611111111111111,65,18,reddit
670.5714285714286,583.2904569276418,1347.6333333333334,311.8382723836978,0.1679517,0.4796696091283146,0.028606621848739494,0.21929488047383475,5.714285714285714,120,21,reddit
911.2,627.8827119773246,1024.5,598.9194436650057,0.0420515,0.07276778662808153,1.9e-05,0.0,0.4,2,5,reddit
792.4444444444445,589.9082791229309,687.4285714285714,603.7805498531336,0.37135524999999997,0.5434728301789221,0.5223246666666667,0.6292530550336821,0.7777777777777778,7,9,reddit
497.0121951219512,505.0333931974248,1257.6239015817223,442.3068320216869,0.051669580246913586,0.16877476568798333,0.007416614436619716,0.06550994229526659,6.939024390243903,569,82,reddit
531.5357142857143,536.3176455078808,1376.837837837838,256.8657309550603,0.08295725454545455,0.25154329463412406,0.006843998496240601,0.07855004619613559,11.892857142857142,666,56,reddit
384.8048780487805,438.1866798473728,1374.9570688378979,268.8407342233916,0.05834449382716049,0.22079027771319487,0.0034880940740740734,0.05371381884294424,16.475609756097562,1351,82,reddit
626.2105263157895,529.9278335508807,1280.9060773480662,388.305102001813,0.2517468888888889,0.39345016018916107,0.025435466666666667,0.14006427082674106,9.526315789473685,181,19,reddit
440.48,520.8825939371239,1071.1948051948052,492.63188582289143,0.18088025,0.4148104047090118,0.019044139130434783,0.14525347241706624,9.24,231,25,reddit
467.2307692307692,478.43415411005566,1259.2869318181818,406.2437622396812,0.08104735294117646,0.12965804242726908,0.011770618233618234,0.05884607774265597,6.769230769230769,352,52,reddit
638.0625,559.3415734891636,1014.25,484.5639424118496,0.1692691333333333,0.38100241767122106,0.3540381428571429,0.5537685093405594,0.5,8,16,reddit
646.6666666666666,610.4513162601991,417.15384615384613,516.0875000349337,0.2761357857142857,0.6716100828930408,0.3193139166666666,0.7496478973724328,0.8666666666666667,13,15,reddit
1114.25,501.17220925878695,1023.5,600.3336572273788,3.9e-05,2.0607442021431645e-05,2.5e-05,0.0,0.5,2,4,reddit
585.7272727272727,563.3075943811214,1252.0947368421052,431.8242864102326,0.16749514285714284,0.4225879576432282,0.03753271276595744,0.2131088262649731,4.318181818181818,95,22,reddit
896.1111111111111,602.2066598030207,952.25,584.3106337100727,0.169535625,0.3846666567805616,0.432056,0.6110116767302133,0.4444444444444444,4,9,reddit
350.8837209302326,420.9150581260471,996.6926605504588,499.19137565781097,0.08748783333333332,0.2349266029480491,0.016952304147465434,0.10440051856122264,5.069767441860465,218,43,reddit
748.5,583.2970436891229,1033.148148148148,506.72232600263,0.2640592352941176,0.5018844533696775,0.17024699999999998,0.4410995158953101,1.5,27,18,reddit
331.3170731707317,408.93486272415015,1237.1089108910892,434.35587313052656,0.09718412500000001,0.2826492864550685,0.012767066225165564,0.10445873837956267,7.390243902439025,303,41,reddit
568.203947368421,521.2068946245653,585.0766721044046,476.26557819616556,0.026096801324503312,0.17868354037484172,0.006462343137254902,0.08663193643865416,4.032894736842105,613,152,reddit
849.1833333333333,574.1716359366111,740.574074074074,563.5121201037681,0.03440854237288136,0.16088789950467955,0.03740094339622642,0.1482920815007564,0.9,54,60,reddit
448.5744680851064,491.68904740084463,1282.6162046908316,385.1526473855904,0.08040749999999999,0.21595104624999475,0.008010241452991451,0.07241035844785193,9.97872340425532,469,47,reddit
723.1428571428571,575.8427984888137,1258.3086419753085,373.2868415165243,0.15004085,0.35701339702443585,0.038033649999999995,0.1910836167086349,3.857142857142857,81,21,reddit
687.3428571428572,563.1039995291405,1364.3204225352113,287.6895156077704,0.10419341176470588,0.2469531981583838,0.012286604240282684,0.08690671367629192,8.114285714285714,284,35,reddit
621.0571428571428,548.852972000653,932.7903225806451,558.0323492913578,0.12726982352941174,0.2423438760415687,0.07074014754098361,0.19732367881672264,1.7714285714285714,62,35,reddit
314.3142857142857,371.9810865870305,1235.5855962219598,420.698784816908,0.05938910144927536,0.15506225557742226,0.004845908983451537,0.04509354514705036,12.1,847,70,reddit
315.7931034482759,349.2206607076212,1304.3634105960266,358.84322971893835,0.042995269565217396,0.10750149456783678,0.00409582850041425,0.03522782778228141,10.413793103448276,1208,116,reddit
366.9818181818182,423.9740335737334,1201.843396226415,434.08563702133364,0.08786831481481482,0.3107705138814518,0.008979003780718336,0.09679067934496834,9.636363636363637,530,55,reddit
314.92857142857144,364.8154713788189,1320.3997477931905,341.47367106446046,0.05983115942028986,0.16678217973531956,0.005206410353535354,0.05124873852191801,11.32857142857143,793,70,reddit
343.8474576271187,392.18331452485427,1139.4023569023568,471.6523265011313,0.048598810344827596,0.14242806783516068,0.004827558178752108,0.04562401737126135,10.067796610169491,594,59,reddit
387.53061224489795,434.06285363861724,1140.858306188925,477.79434215722205,0.04651634020618556,0.1383492584251219,0.007365412724306689,0.05049452558637861,6.26530612244898,614,98,reddit
377.48979591836735,418.9968238965233,1289.2529644268775,364.45289423999316,0.08221320833333333,0.12758494150760216,0.00776409900990099,0.04432577122669929,10.326530612244898,506,49,reddit
601.780487804878,552.0937199513829,921.7222222222222,510.4191555241644,0.11355227500000001,0.22058225492013037,0.022992832487309642,0.10411580677877538,4.829268292682927,198,41,reddit
505.0625,503.51538000663476,1171.4507042253522,443.49374654717604,0.15596916129032257,0.2184286503026526,0.034272283687943265,0.12016316904896922,4.4375,142,32,reddit
610.85,549.6256791485339,1159.4708624708624,460.0599079380982,0.11611205128205128,0.16146602993024037,0.010594929906542054,0.05590404093058853,10.725,429,40,reddit
419.6938775510204,468.97655432164345,974.033950617284,523.0547468416975,0.09443331249999999,0.19244622570042738,0.01405815479876161,0.0810262450862361,6.612244897959184,324,49,reddit
439.45652173913044,498.13147334242944,1344.6365384615385,315.9905254115135,0.09440926666666666,0.1614126331864875,0.00818519267822736,0.05486895507731983,11.304347826086957,520,46,reddit
347.2,401.14073826014214,1257.988326848249,399.69821553257424,0.06200762162162162,0.18280793334925158,0.005899481818181819,0.05607784995362339,10.28,771,75,reddit
377.2,421.93340223116644,1274.3182711198428,382.7286883652602,0.10086461224489796,0.18006180039639863,0.009754710629921257,0.06006859380522513,10.18,509,50,reddit
580.9375,536.5355976826189,1121.9652173913043,482.5364804032007,0.14934225806451615,0.20811594571388567,0.040576868421052625,0.1288614579273002,3.59375,115,32,reddit
345.0,396.7928218582852,1314.053490990991,345.5716194645553,0.05057498913043478,0.11892246316910192,0.0026543554929577464,0.028431433907161394,19.096774193548388,1776,93,reddit
411.7674418604651,450.0722607172204,1325.3796477495107,332.75164839042094,0.09868733333333332,0.2450673343919669,0.008176711764705883,0.08116035534640159,11.883720930232558,511,43,reddit
261.10526315789474,298.7330716202319,1326.3558139534885,347.3224204932759,0.10469181081081079,0.3114792601019639,0.008970167832167832,0.09747787177962554,11.31578947368421,430,38,reddit
477.9268292682927,504.79101568094006,1081.5264423076924,488.73593458732995,0.10989825,0.3616507996744754,0.010593322891566266,0.115998250275781,10.146341463414634,416,41,reddit
509.8421052631579,551.7528898537716,1206.421875,441.7729002405023,0.18600694444444443,0.34968949467213406,0.05573284126984126,0.205213144495398,3.3684210526315788,64,19,reddit
500.4347826086956,543.5541978569433,1371.5,266.1012713980828,0.2026947272727272,0.5839564864071001,0.017868190283400805,0.19152375997545015,10.782608695652174,248,23,reddit
401.57142857142856,438.84372273853137,1176.0034013605443,453.0241183173004,0.08883756363636365,0.2106623689758967,0.007986933560477001,0.06525506820814057,10.5,588,56,reddit
588.9124087591241,482.0592847732185,1341.5028462998102,353.4097609803433,0.03578520588235294,0.054499787122913666,0.0047421823361823365,0.024229549295844612,7.693430656934306,1054,137,reddit
423.39506172839504,470.475522185064,1116.0075329566855,496.60997940160314,0.057118312500000004,0.11975205200659338,0.00864608679245283,0.050703160109398106,6.555555555555555,531,81,reddit
552.2674418604652,538.5218423538664,1295.8874734607218,365.7002232270085,0.05865454117647057,0.1543018262945218,0.010571421276595744,0.06957960376769427,5.476744186046512,471,86,reddit
381.6930693069307,424.2272207808984,1394.9492811501598,298.8661209865617,0.04562352,0.15059727752741617,0.0018341697962445064,0.02574816582924792,24.792079207920793,2504,101,reddit
417.125,464.39164982843926,1345.3979166666666,315.83267635478074,0.0556740759493671,0.16589819717088913,0.004920160583941605,0.05069976178194381,12.0,960,80,reddit
539.4398148148148,316.1015381288225,495.1991341991342,522.4153471671452,0.021608004651162794,0.10510104504945869,0.020500060869565212,0.10313953780998424,1.0694444444444444,231,216,reddit
484.8861024033438,128.9855193826829,516.214501510574,589.5995765614656,0.00037323640167364014,0.0025784018075840592,0.00017334240362811793,0.001452723084316515,1.3834900731452455,1324,957,reddit
668.1171875,563.2346208530337,530.9674796747968,519.2454477405975,0.03824322834645669,0.12078013275488,0.04021969672131147,0.12192123040770765,0.9609375,123,128,tetris
150.16666666666666,86.86335489861317,533.6190476190476,521.416034087895,0.2579038181818182,0.3872493710249762,0.11429402439024389,0.16443642459484453,3.5,42,12,tetris
167.3,102.58010420046267,455.75,536.8363709881124,0.46352866666666664,0.2567122749153656,0.08394096078431372,0.1334183053429577,5.2,52,10,tetris
469.45454545454544,529.3755498011527,792.9459459459459,553.614835319544,0.41709969999999996,0.3158996112014227,0.1344878888888889,0.18047298174808107,3.3636363636363638,37,11,tetris
358.92857142857144,427.7036113021249,699.4411764705883,568.0751226024478,0.32063907692307697,0.3297501615753874,0.1285732727272727,0.16081789492433768,2.4285714285714284,34,14,tetris
230.0,336.48206760269085,718.0625,569.2524774337975,0.37920163636363635,0.2882066592588389,0.1391766129032258,0.18689833305486936,2.6666666666666665,32,12,tetris
314.84615384615387,434.6967997263239,713.1935483870968,559.414302007307,0.3942860000000001,0.2639087293273314,0.16279223333333334,0.1757359282381159,2.3846153846153846,31,13,tetris
394.96,478.3920533063511,606.3269230769231,539.5113519368969,0.17364308333333334,0.2370058577032638,0.09598850980392158,0.16173313269903003,2.08,52,25,tetris
138.0,26.854103171449555,747.1333333333333,564.1006717032802,0.595503,0.21331821391058006,0.1524423448275862,0.20802450415247017,3.75,30,8,tetris
141.0,30.463092423455635,693.6,525.8859303734089,0.5950714285714286,0.21243522220792535,0.14007370588235293,0.18249308050081844,4.375,35,8,tetris
266.6923076923077,380.7552548587663,799.7872340425532,552.7529496183158,0.34704224999999994,0.3271357157068314,0.1046138260869565,0.16126876213952046,3.6153846153846154,47,13,tetris
322.6842105263158,464.6406081444476,634.9411764705883,562.4689050625024,0.2421859444444444,0.2893925542631347,0.1507398484848485,0.18500501968130506,1.7894736842105263,34,19,tetris
596.1739130434783,583.3138600175188,777.4545454545455,594.1638014012827,0.21339118181818179,0.28708983471818084,0.08931250000000003,0.1441585695191429,2.391304347826087,55,23,tetris
339.2083333333333,458.2574726416189,593.6279069767442,533.9649989980979,0.18091900000000005,0.25014361086592535,0.11477138095238096,0.16240803620612826,1.7916666666666667,43,24,tetris
139.0,31.712998686883676,891.8648648648649,561.7155350729961,0.5952137142857142,0.21343404649192774,0.12514263888888888,0.17234551877746968,4.625,37,8,tetris
383.7,479.9812612083008,650.0454545454545,549.1734462134655,0.4630538888888889,0.2674485927810113,0.21297638095238094,0.19748740009584606,2.2,22,10,tetris
222.0,219.94284971977868,615.4634146341464,527.7687986969756,0.29770978571428575,0.31325697184584017,0.11395857499999999,0.14426383035395385,2.7333333333333334,41,15,tetris
255.8,365.4372723190671,855.8717948717949,531.6911538956654,0.4624690000000001,0.28728308503595856,0.12784205263157894,0.16582619074595248,3.9,39,10,tetris
347.22727272727275,439.0061212088898,665.5909090909091,557.282581159927,0.22174990476190473,0.29455987034878955,0.11024897674418606,0.18050741545619084,2.0,44,22,tetris
152.46153846153845,83.6307513065772,673.4871794871794,544.504742224522,0.3474591666666667,0.31725963044664046,0.12358636842105264,0.17168795742742443,3.0,39,13,tetris
139.45454545454547,33.36873877258065,710.1666666666666,569.3691659428326,0.41676830000000004,0.3169027301678072,0.13694493103448274,0.16911142728776665,2.727272727272727,30,11,tetris
151.77777777777777,46.689875181290056,779.5714285714286,563.6891334356545,0.5206575,0.257487781262529,0.17008625925925927,0.22444510824493577,3.111111111111111,28,9,tetris
387.23809523809524,482.6153649400219,612.081081081081,528.7534805968121,0.20886679999999996,0.28527558972993117,0.11778394444444445,0.18115002803737393,1.7619047619047619,37,21,tetris
510.10526315789474,541.7558792930059,809.3513513513514,575.8357798412194,0.24215688888888887,0.35003013239591063,0.1301381388888889,0.15854048249372088,1.9473684210526316,37,19,tetris
163.6,99.6674470426528,633.0555555555555,523.0082186977533,0.4926923333333333,0.29435481820415305,0.12585408571428572,0.12073253767454535,3.6,36,10,tetris
140.07692307692307,50.75835159272075,642.4117647058823,534.4717084468781,0.3475639166666668,0.3248554113133663,0.13903515151515153,0.20851348865897051,2.6153846153846154,34,13,tetris
134.25,35.96747267892326,648.7435897435897,547.4005902516249,0.3789089090909092,0.3326347320001475,0.12219436842105266,0.16905319035461824,3.25,39,12,tetris
372.6,485.19920307711413,894.3548387096774,544.0450684999724,0.5091486666666666,0.3087685829171528,0.16160973333333334,0.21510300814074068,3.1,31,10,tetris
228.07692307692307,187.23846717419895,663.4473684210526,544.1459808786619,0.3471221666666667,0.2986608875137021,0.12999394594594596,0.149744821676464,2.923076923076923,38,13,tetris
145.11111111111111,38.67959553965257,837.9117647058823,577.9366310888826,0.5213513750000001,0.2791616857915577,0.141213696969697,0.2229803824696971,3.7777777777777777,34,9,tetris
338.25,447.2725679046279,717.65,573.8012011324589,0.39978809090909095,0.31591734237971875,0.25369742105263154,0.2927600915016137,1.6666666666666667,20,12,tetris
131.64285714285714,47.428662451918484,729.0285714285715,555.5659269246664,0.320138,0.3261205360919841,0.1352819705882353,0.20105306357621483,2.5,35,14,tetris
135.8181818181818,36.42202131078994,645.1351351351351,545.0556629149684,0.41613160000000005,0.358878440638108,0.13166441666666667,0.18876604608282457,3.3636363636363638,37,11,tetris
156.0,43.05146421933372,741.921052631579,549.3243211574364,0.5953691428571428,0.28078805218294794,0.11218686486486487,0.16258678003689456,4.75,38,8,tetris
321.85,416.3163365822475,742.8823529411765,549.4849249155498,0.22974031578947376,0.3103892070032572,0.13267630303030306,0.21492755524150453,1.7,34,20,tetris
548.1315789473684,466.5199031733791,621.9705882352941,559.0293018403121,0.11270367567567567,0.2163098839879209,0.06550289552238805,0.12227268488769598,1.7894736842105263,68,38,tetris
574.4137931034483,613.9544839598325,650.953125,569.1862314057021,0.1628195357142857,0.25199222006478156,0.07143484126984126,0.09623376832438452,2.206896551724138,64,29,tetris
334.625,373.12319234626335,760.66,560.3593092919971,0.2965109333333332,0.314411213974834,0.09757806122448981,0.1721061329920757,3.125,50,16,tetris
142.125,95.08257689278004,767.0612244897959,552.7717057461149,0.5499171428571429,0.5831252116455727,0.10144620833333334,0.13459336598388966,6.125,49,8,tetris
150.54545454545453,82.89917205420527,707.7073170731708,555.6508905734985,0.41628220000000005,0.32508944467047834,0.11691845000000001,0.14415555490111195,3.727272727272727,41,11,tetris
144.2,44.53413172937011,720.7058823529412,558.3679426312804,0.46279200000000004,0.3007892732647079,0.12823593939393937,0.17301920385180217,3.4,34,10,tetris
141.2,39.023639559175464,740.6,550.2566673835038,0.4626693333333334,0.30145768537778783,0.11428379487179484,0.13642435470293332,4.0,40,10,tetris
151.8,40.73709748019747,752.3939393939394,568.242572509418,0.49344911111111117,0.2825092600136004,0.1451550625,0.1734012231221167,3.3,33,10,tetris
273.9047619047619,294.16439362402525,743.55,558.3840918828156,0.20832189999999998,0.2536974888448642,0.08438462711864408,0.1063768881042415,2.857142857142857,60,21,tetris
473.72727272727275,528.0119489006079,744.8108108108108,532.7014401372728,0.4173464,0.3238441842439663,0.13432674999999997,0.15238899631031524,3.3636363636363638,37,11,tetris
343.0,454.6801073282182,668.4242424242424,553.1060042107113,0.297708,0.32402093958988865,0.14844090625,0.20535073130110218,2.2,33,15,tetris
261.07142857142856,366.76957014236825,655.6857142857143,552.7417103126267,0.32589815384615384,0.31917484697620524,0.12062582352941176,0.144037910732367,2.5,35,14,tetris
600.0,552.4685314666073,839.45,566.7635490332988,0.18112813043478262,0.25878352005393374,0.11193279487179489,0.18087384525035738,1.6666666666666667,40,24,tetris
347.4,474.5703018822094,649.0555555555555,550.1429395786645,0.3142234285714286,0.295217448513492,0.1271092,0.1713386597309217,2.4,36,15,tetris
137.14285714285714,48.87795970634356,651.8181818181819,558.1303305761934,0.3578618461538462,0.3070814319795186,0.15209771875,0.1757186024716141,2.357142857142857,33,14,tetris
148.75,41.643898541254345,721.1212121212121,535.3844271628424,0.5950278571428571,0.22684386572544848,0.11081153125000001,0.1303129229527871,4.125,33,8,tetris
131.66666666666666,35.32350492236012,820.8684210526316,577.0333809751405,0.52133225,0.28301281553745494,0.1295623783783784,0.19582867223029024,4.222222222222222,38,9,tetris
405.7647058823529,507.99489778586417,625.0,534.637841554095,0.2604574375,0.30811048834467825,0.1229415135135135,0.14614876066836305,2.235294117647059,38,17,tetris
136.88888888888889,35.06581114292255,746.2682926829268,545.5896821050708,0.520817625,0.2717786146181012,0.11374785000000001,0.1401965294810378,4.555555555555555,41,9,tetris
409.82142857142856,424.7910208274904,741.5957446808511,541.5341195069747,0.16133437037037038,0.2253184380151046,0.10638365217391306,0.12258548513929184,1.6785714285714286,47,28,tetris
339.0,482.75291298965766,706.18,550.3378439186057,0.2871919375,0.3059298128346739,0.09776989795918367,0.12748413292965646,2.9411764705882355,50,17,tetris
143.66666666666666,37.12142238654117,700.6190476190476,530.5227956473783,0.5246505000000001,0.2844893372966727,0.11750851219512194,0.13899754404745956,4.666666666666667,42,9,tetris
144.625,38.17979083980724,716.6060606060606,534.2271251182602,0.5947375714285714,0.2276567701141706,0.1346044375,0.1820325964523486,4.125,33,8,tetris
600.3263157894737,563.4017772407045,428.91089108910893,439.99904770373996,0.04511094680851064,0.13574681700483432,0.04738797999999999,0.09024003057268763,1.063157894736842,101,95,tetris
646.75,588.4793397676195,792.3571428571429,558.283074514353,0.2779284,0.3192713761895566,0.11999458536585365,0.16304567662363004,2.625,42,16,tetris
572.5185185185185,594.9993128871514,493.7763157894737,537.5813389292008,0.16269180769230768,0.25458061307691293,0.06119841333333333,0.09327385021467247,2.814814814814815,76,27,tetris
136.33333333333334,50.31567018997826,753.1964285714286,559.2994455613155,0.3416202142857143,0.3006366777887932,0.08696176363636363,0.12604370576242968,3.7333333333333334,56,15,tetris
149.375,37.735687920814996,845.1875,550.6994050091387,0.5950128571428571,0.22442180869032477,0.1446101935483871,0.18428898547388772,4.0,32,8,tetris
151.0,37.03280399090206,794.25,550.9328745483106,0.5950718571428572,0.2254015351839142,0.13455335483870973,0.18013090735164164,4.0,32,8,tetris
233.16666666666666,303.8382406323934,687.6458333333334,560.5526714137379,0.24499917647058822,0.31016127442561525,0.10266619148936171,0.14351046803165773,2.6666666666666665,48,18,tetris
134.77777777777777,36.300061218191416,742.4146341463414,575.3831756147271,0.519966375,0.27264900385015967,0.121576775,0.1806649440045699,4.555555555555555,41,9,tetris
134.5,33.36415241942566,665.5483870967741,551.003740986071,0.4918766666666667,0.28355068992490373,0.15294369999999993,0.20635642577898242,3.1,31,10,tetris
189.73684210526315,121.70631413605786,648.8409090909091,538.1166097876807,0.25669549999999997,0.2755601218194296,0.11082262790697674,0.1463221034425816,2.3157894736842106,44,19,tetris
145.75,33.65263734092768,735.2972972972973,547.5262482223957,0.5935215714285713,0.2262990691249443,0.12580319444444446,0.1519965455829725,4.625,37,8,tetris
480.8181818181818,530.9425238539137,851.8571428571429,551.1071819985839,0.4162156,0.2778390638265973,0.13015061764705885,0.20492234289374034,3.1818181818181817,35,11,tetris
269.09090909090907,373.2971380103968,688.468085106383,571.3327991963685,0.20198880952380957,0.29539814161626793,0.10311589130434781,0.11366400625207083,2.1363636363636362,47,22,tetris
492.3076923076923,555.5515854559,772.5555555555555,556.218736235739,0.34816158333333336,0.3219921879514207,0.13463948571428572,0.16216248095173316,2.769230769230769,36,13,tetris
129.0,29.10670025956223,735.1142857142858,581.6647392678733,0.46632719999999994,0.2545779261054658,0.14446797058823527,0.18551394880574112,3.1818181818181817,35,11,tetris
225.14285714285714,353.95150844384085,626.6388888888889,547.5716862542306,0.3525614615384616,0.3051449804950517,0.13538005714285714,0.1564109392246578,2.5714285714285716,36,14,tetris
257.45454545454544,195.42843377378003,847.5897435897435,541.1384547973456,0.4171514,0.2905731722754873,0.11779618421052632,0.14405959391914958,3.5454545454545454,39,11,tetris
150.625,41.45888669168874,823.7878787878788,555.7026384213816,0.5950425714285714,0.22627102960820944,0.1509334375,0.21137763701370135,4.125,33,8,tetris
562.1818181818181,537.6230683632945,730.0,564.2975722081392,0.40326199999999995,0.5587485054081129,0.14097265625,0.19162669460398932,3.0,33,11,tetris
549.2105263157895,552.2958726933889,635.1521739130435,548.8442388790509,0.18534972222222218,0.4142142674703256,0.10034582222222223,0.14144510896728948,2.4210526315789473,46,19,tetris
412.55555555555554,511.3953486436682,631.9454545454546,534.3081860784445,0.20128423529411765,0.3654878739437803,0.09030690740740743,0.13242210732243181,3.0555555555555554,55,18,tetris
595.5652173913044,570.0163335847138,756.9069767441861,535.178689071118,0.1944586363636364,0.283563647341145,0.11406923809523807,0.15875935567779625,1.8695652173913044,43,23,tetris
179.125,94.69415052080642,820.0833333333334,565.8660808252881,0.6242695714285714,0.2763096940225158,0.14020694285714283,0.2152030811486733,4.5,36,8,tetris
154.25,44.1806357064786,888.2352941176471,551.660197279115,0.6231268571428571,0.27839476149290937,0.14559515151515148,0.19521514310737162,4.25,34,8,tetris
268.57142857142856,364.4219266994519,734.9387755102041,566.8190263862615,0.3635793076923077,0.298814274500035,0.10051195833333333,0.17069903465919656,3.5,49,14,tetris
546.625,544.9959563072962,728.8269230769231,567.043717274207,0.19746921739130435,0.24502605612393222,0.09071776470588237,0.11712692105333783,2.1666666666666665,52,24,tetris
543.3461538461538,605.223723415247,718.7358490566038,605.9508469194826,0.17473068000000003,0.2271408033862203,0.09043413461538462,0.1151386987276364,2.0384615384615383,53,26,tetris
140.28571428571428,49.1018228886567,525.59375,531.1904378375048,0.3358627692307693,0.3157467529142142,0.1525826129032258,0.19939982446779045,2.2857142857142856,32,14,tetris
158.875,115.02352243904598,663.5151515151515,572.5940491096268,0.6241248571428571,0.2767521238155331,0.14897325,0.22130036792473934,4.125,33,8,tetris
131.44444444444446,28.17406214548725,693.5428571428571,543.444858551182,0.545653625,0.26671456609498173,0.14088129411764708,0.1781239548471347,3.888888888888889,35,9,tetris
123.66666666666667,32.057713107721355,867.8076923076923,543.998595675146,0.39665981818181817,0.30792933247915477,0.09092809803921569,0.1177233416657511,4.333333333333333,52,12,tetris
370.6,411.87546661582064,751.7727272727273,547.7271797390989,0.3109350714285714,0.31879020070471437,0.10569541860465116,0.14334315411711637,2.933333333333333,44,15,tetris
135.41666666666666,31.33240649821997,763.1860465116279,572.4984198694747,0.39578209090909094,0.320493667842838,0.10981128571428571,0.15992069781856103,3.5833333333333335,43,12,tetris
142.57142857142858,50.37660367474368,666.9302325581396,559.5403894247167,0.33522692307692314,0.3131742405920045,0.10314323809523811,0.11846497130231196,3.0714285714285716,43,14,tetris
165.22222222222223,107.35196525655431,845.8235294117648,585.1868632190366,0.5446122499999999,0.2635425550645237,0.14475809090909092,0.19871868055458544,3.7777777777777777,34,9,tetris
527.7142857142857,298.5594677118257,842.7583892617449,544.5525270746009,0.07626677419354837,0.19772966179278958,0.03054066216216216,0.08598372982734001,2.365079365079365,149,63,tetris
352.36,366.9754623949672,701.7384615384616,543.0206970308279,0.19681650000000003,0.2709188341528695,0.07538537499999999,0.09916313109160392,2.6,65,25,tetris
508.45454545454544,553.8147986184832,795.8837209302326,549.526428555591,0.2081599047619048,0.2864506984984967,0.1092992380952381,0.16286636094002982,1.9545454545454546,43,22,tetris
125.07692307692308,26.22486586702761,717.9705882352941,579.3921310589028,0.37660766666666673,0.30883816668775826,0.1327651515151515,0.17889665877651625,2.6153846153846154,34,13,tetris
225.66666666666666,311.6878780660764,616.7777777777778,575.3629245524037,0.2182177,0.2750066271603468,0.10425897727272727,0.12175481499242809,2.142857142857143,45,21,tetris
179.625,124.47252995856441,768.75,564.6684414042887,0.6240545714285715,0.2779479988753586,0.1277039230769231,0.17165360980682007,5.0,40,8,tetris
416.0,464.45667182203334,861.7096774193549,547.7297504882243,0.49159980000000003,0.31482974863941937,0.15170530000000002,0.2076120081106662,2.8181818181818183,31,11,tetris
483.5810810810811,439.44370209209313,793.1485148514852,557.55585166221,0.03781867123287671,0.11192938437272089,0.03870960999999999,0.11045422097755205,1.364864864864865,101,74,tetris
354.8447204968944,395.86824763749075,1220.9563106796118,494.62581376522184,0.029926643750000002,0.11624548336770696,0.022979936585365856,0.09618488195183618,1.279503105590062,206,161,wikipedia
411.7878787878788,444.7612953579536,1215.8225806451612,470.23727963006803,0.12783559374999998,0.29656817688874887,0.06661877049180327,0.2163748484893745,1.878787878787879,62,33,wikipedia
489.45454545454544,566.9594983129507,1035.0,555.2155737489118,0.34216060000000004,0.8005336449578118,0.18983283333333334,0.6141297095042751,1.7272727272727273,19,11,wikipedia
294.03092783505156,308.48650880847043,1454.1661129568106,251.96281269499644,0.029096749999999994,0.10016810966268573,0.009050346666666667,0.06682018024963084,3.1030927835051547,301,97,wikipedia
367.0,467.45569151462024,905.6206896551724,617.8538554541093,0.22856058823529413,0.36919540736724465,0.1376585,0.3410302605975751,1.6111111111111112,29,18,wikipedia
299.3888888888889,330.56568638603886,1115.9803921568628,518.8361009103386,0.10336482857142858,0.48248074102120453,0.07239014,0.4139862998145716,1.4166666666666667,51,36,wikipedia
792.125,611.5510199484586,586.2,599.5926024300908,0.10909106666666668,0.27462655895171945,0.17890366666666666,0.3415230511885122,0.625,10,16,wikipedia
342.25,444.5233846196218,969.6296296296297,565.8592613925337,0.2101058421052632,0.4415886917991331,0.14917196153846152,0.391173248576685,1.35,27,20,wikipedia
472.8,514.3889169633584,1016.1,557.3170599067984,0.16926826315789473,0.41716965324557825,0.18041852631578947,0.4209119648641842,1.0,20,20,wikipedia
301.7931034482759,342.4096120259236,1321.4575163398692,394.834275476635,0.06240238596491229,0.20524744994058802,0.02307171052631579,0.12435370308660058,2.6379310344827585,153,58,wikipedia
280.47222222222223,341.3292073318335,1162.8444444444444,514.39583654437,0.1257571142857143,0.2564658009519589,0.04869388764044944,0.16526354999609932,2.5,90,36,wikipedia
123.8,34.77355316903925,852.6666666666666,716.7861140768098,0.46536175,0.453673754233356,0.4310285,0.4295745,0.6,3,5,wikipedia
293.0,442.08030944614575,634.8,621.7428550275248,0.710759,0.5729928021028421,0.48702744444444435,0.4747623343896773,1.4285714285714286,10,7,wikipedia
323.1666666666667,476.39706828093165,673.5714285714286,720.7546640253435,0.6820898,0.6728998720244788,0.5662626666666667,0.659355375829976,1.1666666666666667,7,6,wikipedia
400.2631578947368,452.8727859277019,899.7037037037037,650.2659701297861,0.25735033333333335,0.7700568128543072,0.1784314615384615,0.6602219967726025,1.4210526315789473,27,19,wikipedia
211.25,161.1589720918891,175.0,128.36777521748095,0.563219,0.6539915300646376,0.5579978571428572,0.6630806784207933,1.0,8,8,wikipedia
,,97.0,,0.0,0.0,0.0,0.0,,1,0,wikipedia
420.75,252.63461758040998,740.8,623.9645021954374,0.04473433333333334,0.041702630407312306,0.0323325,0.038257848407222274,1.25,5,4,wikipedia
747.4285714285714,617.3442737897165,172.66666666666666,69.88800564713043,0.10928133333333333,0.23351068924188934,0.3149405,0.2849255,0.42857142857142855,3,7,wikipedia
915.6,544.4342804363863,542.8,595.6954479150119,0.2539918571428571,0.5952560602054089,0.39221811111111105,0.7034725109358012,0.6666666666666666,10,15,wikipedia
138.25,75.94460700624721,536.4,643.991692493001,0.6853186666666665,0.950008855853577,0.5302462499999999,0.8810005001211335,1.25,5,4,wikipedia
700.7272727272727,638.5922152015457,486.4074074074074,572.9696769570364,0.18476790476190472,0.3602383639566744,0.18358253846153844,0.35666099782202476,1.2272727272727273,27,22,wikipedia
134.0,46.66904755831214,1185.0,465.2762620207483,0.030991,0.0,3e-06,0.0,1.0,2,2,wikipedia
131.75,31.65833223655346,594.4444444444445,624.574477366613,1.5065293333333336,1.6195730493856155,0.560779875,0.9128394524728098,2.25,9,4,wikipedia
334.75,348.17637156229557,727.5,596.4669790884129,0.2600031428571429,0.37980349195883184,0.2633018571428572,0.3657907937170132,1.0,8,8,wikipedia
465.14285714285717,567.716897925785,303.14285714285717,439.94182515851975,0.6459766666666666,1.107524487406737,0.6403163333333334,1.2025555844874236,1.0,7,7,wikipedia
98.0,,833.0,,0.0,0.0,0.0,0.0,1.0,1,1,wikipedia
109.0,,106.0,,0.0,0.0,0.0,0.0,1.0,1,1,wikipedia
95.5,0.7071067811865476,91.5,0.7071067811865476,2.096231,0.0,2.09545,0.0,1.0,2,2,wikipedia
792.5384615384615,574.5784854112063,710.2,616.5682443979742,0.04209458333333333,0.0890615900388212,0.0584168888888889,0.1079568922512278,0.7692307692307693,10,13,wikipedia
524.6666666666666,175.91001487503016,899.5,592.6249516627977,0.015599499999999999,0.0072935000000000005,0.010487999999999999,0.008898556100102232,1.3333333333333333,4,3,wikipedia
135.0,71.11610225539643,143.0,74.31285218587698,0.9706644999999999,1.3857773528060884,0.7695285999999999,1.3019679184836466,1.2,6,5,wikipedia
102.0,9.899494936611665,98.5,10.606601717798213,0.636503,0.0,0.636746,0.0,1.0,2,2,wikipedia
124.0,,105.0,15.0,0.0,0.0,0.6633725,0.6633675,3.0,3,1,wikipedia
1292.0,,1292.0,,0.0,0.0,0.0,0.0,1.0,1,1,wikipedia
384.5833333333333,435.5551229770064,170.16666666666666,90.28725202811235,0.35715345454545455,0.9069557639962746,0.3537465454545454,0.9184623379340815,1.0,12,12,wikipedia
95.0,,91.0,,0.0,0.0,0.0,0.0,1.0,1,1,wikipedia
109.0,,100.33333333333333,8.962886439832502,0.0,0.0,0.33352299999999996,0.333521,3.0,3,1,wikipedia
96.0,,99.66666666666667,15.044378795195676,0.0,0.0,1.690283,1.690281,3.0,3,1,wikipedia
736.9285714285714,612.439066267094,730.2,606.3775501561163,0.15604838461538462,0.3906180776045413,0.22472333333333333,0.4528765157143342,0.7142857142857143,10,14,wikipedia
439.05263157894734,508.24529004586077,1026.4166666666667,578.2177953337131,0.12272616666666664,0.19606331081828587,0.09831265217391305,0.19038788044470384,1.263157894736842,24,19,wikipedia
720.0689655172414,623.469207111906,581.9666666666667,603.540101420766,0.16251907142857142,0.36718117081489204,0.16854710344827584,0.35972341441593464,1.0344827586206897,30,29,wikipedia
,,115.0,14.142135623730951,0.0,0.0,1.367219,0.0,,2,0,wikipedia
109.0,,106.0,,0.0,0.0,0.0,0.0,1.0,1,1,wikipedia
296.14285714285717,239.56379009318064,680.75,645.1236315621991,0.538621,0.9218573794893655,0.46106542857142857,0.8852912161867347,1.1428571428571428,8,7,wikipedia
554.3636363636364,551.9957337183777,889.85,584.5731033479856,0.22307328571428567,0.34814371202026856,0.2472892631578947,0.356361264166582,0.9090909090909091,20,22,wikipedia
314.0,382.46764569045575,1232.1666666666667,490.0266252928865,0.17922025,0.2589475707333195,0.07006078048780487,0.18774961473150847,2.4705882352941178,42,17,wikipedia
393.4117647058824,453.61782631742017,801.0,608.300133677101,0.24264968750000002,0.6919384902998712,0.20180536842105265,0.6495299371365832,1.1764705882352942,20,17,wikipedia
167.0,,819.3333333333334,708.9050241981174,0.0,0.0,1.4028715,1.4022555,3.0,3,1,wikipedia
109.0,,106.0,,0.0,0.0,0.0,0.0,1.0,1,1,wikipedia
993.0,598.0,692.0,848.5281374238571,1.1327786666666666,1.6019860038207439,3.424238,0.0,0.5,2,4,wikipedia
837.5,604.9448509800482,637.1,637.6089797917774,0.055980727272727265,0.08996231103795219,0.06811255555555557,0.09342740912733753,0.8333333333333334,10,12,wikipedia
439.75,635.4239398490848,958.5,610.3619144955447,0.493012,0.6751372057209309,0.48969533333333337,0.6925281249770455,1.0,4,4,wikipedia
134.8,70.66965402490662,142.33333333333334,72.81941133150328,0.9680850000000001,1.5037505966726998,0.7681827999999999,1.4032001701090833,1.2,6,5,wikipedia
130.66666666666666,31.302822024007142,940.5,621.7911914093715,0.08304,0.07012437016900756,0.03803857142857142,0.06901706063380716,1.3333333333333333,8,6,wikipedia
109.0,,106.0,,0.0,0.0,0.0,0.0,1.0,1,1,wikipedia
121.4,29.37345740630476,841.3333333333334,636.3862558750516,0.5927195,0.6729581818042262,0.443004,0.6748501425486995,1.2,6,5,wikipedia
124.0,,120.0,,0.0,0.0,0.0,0.0,1.0,1,1,wikipedia
283.0,228.79872627018085,386.5833333333333,491.3607188823767,0.5532227142857142,0.7959832993209834,0.3491975454545454,0.6924717087292663,1.5,12,8,wikipedia
137.33333333333334,59.50070027599115,577.6666666666666,810.9009392850235,0.013988,0.013939,1.5e-06,5e-07,1.0,3,3,wikipedia
402.3333333333333,469.0823260062444,1130.6875,540.6167503211939,0.042406457142857144,0.08663244695092773,0.019316683544303794,0.06602739674272624,2.2222222222222223,80,36,wikipedia
133.5,53.033008588991066,885.25,738.337490582728,0.173625,0.0,0.04856733333333333,0.06792921877627886,2.0,4,2,wikipedia
1008.2,525.3188419562787,815.7777777777778,610.5703845130752,0.01904907142857143,0.04717667973610976,0.04601125,0.06171987519379393,0.6,9,15,wikipedia
179.375,45.91910839867246,1084.7441860465117,500.89829273793106,0.1069094193548387,0.2938431778389649,0.046814666666666664,0.12714408701054888,1.34375,43,32,wikipedia
483.76190476190476,531.3754703373035,774.2727272727273,573.9644083438053,0.1934367,0.3011004021369118,0.1526096875,0.30430818684491523,1.5714285714285714,33,21,wikipedia
780.1666666666666,614.9932248949306,626.4583333333334,624.9364474935009,0.17570456521739128,0.6468067113267219,0.17522513043478263,0.5517441226742625,1.0,24,24,wikipedia
109.0,,102.5,11.67618659209133,0.0,0.0,0.6411203333333333,0.4882377072412804,4.0,4,1,wikipedia
686.5555555555555,538.7908014969983,442.7142857142857,513.7962353195783,0.007050875,0.009625281469098709,0.009920333333333335,0.008311751493451239,0.7777777777777778,7,9,wikipedia
662.3478260869565,565.0755869548179,385.3636363636364,400.6452587721754,0.21418754545454544,0.47499007540433047,0.22697685714285715,0.4815087324394603,0.9565217391304348,22,23,wouldyourather
643.9285714285714,542.3931960495809,193.0,88.45479071254422,0.17448007692307693,0.3596115636462084,0.56644725,0.7656588106088361,0.6428571428571429,9,14,wouldyourather
453.75,513.2500782826465,253.0,214.69823784403386,0.6185165714285714,0.9192836155593981,0.4859426666666667,0.8397659528682184,1.25,10,8,wouldyourather
231.27272727272728,407.06979522167717,227.46666666666667,250.24812448752496,0.4605559,1.1885665943999477,0.3337957857142858,0.8195969845587158,1.3636363636363635,15,11,wouldyourather
992.3333333333334,478.1153975070593,215.0,,2.1000000000000002e-05,3e-06,0.0,0.0,0.3333333333333333,1,3,wouldyourather
500.85714285714283,534.6205597029942,264.22222222222223,226.44689100193992,0.4114628333333334,0.6520789809832387,0.30017425000000003,0.5704566737441044,1.2857142857142858,9,7,wouldyourather
638.0625,571.5482445370061,533.5555555555555,571.6465496946323,0.25306066666666666,0.7957297095297847,0.47707049999999995,1.0322623001181677,0.5625,9,16,wouldyourather
442.4375,483.58439025675756,255.85714285714286,256.49617095443296,0.2552779333333333,0.4434640207168208,0.29639576923076927,0.49583166110224175,0.875,14,16,wouldyourather
127.66666666666667,31.65964834506747,269.3333333333333,281.46995103089307,1.10293,0.3124819999999999,1.074978,0.366264,1.0,3,3,wouldyourather
346.9166666666667,439.4338213352874,238.21428571428572,197.27106636902846,0.27557054545454546,0.588924677479119,0.2392370769230769,0.5233549650854661,1.1666666666666667,14,12,wouldyourather
523.0,597.2520405992766,461.75,462.92848876936245,0.29052259999999996,0.4690588362470533,0.18255085714285713,0.3565634366254095,1.3333333333333333,8,6,wouldyourather
612.4285714285714,512.7555808709309,280.0,233.79233764787318,0.4912181666666668,1.0055215419866146,0.39861571428571424,0.952849388613019,1.1428571428571428,8,7,wouldyourather
660.2222222222222,599.5927321477842,533.3333333333334,659.8502355332862,0.387309875,0.5514221852293479,1.5832895,0.0053995000000000015,0.3333333333333333,3,9,wouldyourather
376.7692307692308,389.70526338207486,466.6666666666667,451.2958590336858,0.14794416666666665,0.28840696188887716,0.10453092857142858,0.257554580050372,1.1538461538461537,15,13,wouldyourather
637.4,588.1715736075656,133.75,55.198882838936754,0.615258,0.9088490733067289,0.8796256666666666,0.8874970287951517,0.8,4,5,wouldyourather
507.4117647058824,523.8205869884661,340.7894736842105,346.038626448193,0.244401,0.48825562122570587,0.22145777777777778,0.4763243826198411,1.1176470588235294,19,17,wouldyourather
581.3333333333334,546.2873480748632,246.0909090909091,224.06671084543305,0.523177,1.0179589483705127,0.2604657,0.7321901801413414,1.8333333333333333,11,6,wouldyourather
991.6666666666666,478.3349593468298,215.0,,1.7e-05,3.000000000000001e-06,0.0,0.0,0.3333333333333333,1,3,wouldyourather
642.8333333333334,579.4660290197164,859.1764705882352,608.1568707264308,0.35916363636363635,0.6877953732930474,0.2485608125,0.5650489570286387,1.4166666666666667,17,12,wouldyourather
893.0,691.0882722199821,493.3333333333333,691.6721284924913,0.6032394999999999,0.6032275,0.631242,0.293149,1.0,3,3,wouldyourather
650.1578947368421,653.4863139906599,537.12,625.287421910916,0.20996805555555556,0.5267664833777521,0.16041658333333333,0.4565243654830044,1.3157894736842106,25,19,wouldyourather
139.22222222222223,67.32900151082329,274.8333333333333,286.53568184380975,0.3499885,0.836588560187892,0.2605251818181818,0.7375742561240027,1.3333333333333333,12,9,wouldyourather
684.1,573.2756657044574,487.5,542.6769473920642,0.29903366666666664,0.7920191956023961,0.21362153846153847,0.5264215378006512,1.4,14,10,wouldyourather
788.375,515.6324653139233,369.14285714285717,336.88050728778626,0.5544435714285714,0.8656647789998252,0.6473365,0.9011418237154738,0.875,7,8,wouldyourather
145.0,75.31268153505093,297.14285714285717,264.73095057147395,0.5014415,0.7458001425350158,0.3466073333333333,0.7418588794138831,1.4,7,5,wouldyourather
560.8571428571429,505.87265478294324,302.1111111111111,325.46714290556446,0.656314,1.3858016590896642,0.48646649999999997,1.2000797580292317,1.2857142857142858,9,7,wouldyourather
461.0,505.75798842642405,235.25,222.4488194455688,0.5618512857142857,0.5459974627671855,0.36227627272727275,0.4741091456530181,1.5,12,8,wouldyourather
415.44444444444446,492.8818598587067,181.8,81.93106858817356,0.5128542500000001,1.1965020702451532,0.13053975,0.19172469136547723,0.5555555555555556,5,9,wouldyourather
738.4545454545455,515.6211905277091,568.7826086956521,492.0533005609102,0.16583542857142858,0.4154736063073735,0.1650345,0.40456780204252873,1.0454545454545454,23,22,wouldyourather
564.2222222222222,440.88569317278194,530.2727272727273,479.88771413927464,0.364842125,0.6270241730693956,0.2897831,0.5762715430845861,1.2222222222222223,11,9,wouldyourather
541.9230769230769,540.193515183359,617.9166666666666,578.3779354642465,0.1600056,0.38325771802931774,0.17551434782608696,0.397351445130795,0.9230769230769231,24,26,wouldyourather
761.4166666666666,546.2584234147014,380.6,391.6935309935846,0.34270918181818183,0.5958690079276604,0.41835544444444445,0.6269288167615401,0.8333333333333334,10,12,wouldyourather
143.83333333333334,73.36870359129065,287.6666666666667,337.67180812143613,0.5606947999999999,0.9155605797338373,0.35333287500000005,0.761598971537094,1.5,9,6,wouldyourather
545.2,536.1865613491526,370.05263157894734,449.5207909768667,0.2589919285714286,0.5285244379771539,0.22084422222222222,0.48063681930001934,1.2666666666666666,19,15,wouldyourather
391.3,473.90811345660666,261.09090909090907,313.65154376965995,0.37672533333333336,0.9859620216945478,0.3465465,0.9287489299757227,1.1,11,10,wouldyourather
628.5,576.0637365530212,396.44444444444446,398.98750328522544,0.4081174285714286,0.6436364680161037,0.35251687499999995,0.6085130683745497,1.125,9,8,wouldyourather
460.75,507.9647766191218,337.75,348.5585624089178,0.42140771428571433,0.87141629948455,0.4178259999999999,0.8381121289299114,1.0,8,8,wouldyourather
758.6,466.69615383030526,323.57142857142856,264.7356273359375,0.42003749999999995,0.69231305498759,0.24604950000000003,0.5245506494472992,1.4,7,5,wouldyourather
434.35714285714283,477.23411560669155,344.3076923076923,406.3917208423798,0.331291,0.581297043712262,0.3603718333333333,0.5986471803437081,0.9285714285714286,13,14,wouldyourather
633.4,569.0770695706435,319.2857142857143,433.55765256219166,0.3435914444444445,0.6457975964270181,0.5095778333333333,0.73149128338015,0.7,7,10,wouldyourather
164.75,106.80316786812396,288.375,272.36841515019427,0.5259379999999999,0.6812044318357497,0.21300557142857143,0.4906428370133723,2.0,8,4,wouldyourather
590.5,539.3109492676743,370.42857142857144,373.1442335714422,0.5692929999999999,1.0624736901331722,0.4802106666666666,1.0413422682819302,1.1666666666666667,7,6,wouldyourather
655.9230769230769,564.436512747959,344.6666666666667,374.5531479056885,0.27341975,0.5375745526834899,0.31061045454545455,0.5688282230257318,0.9230769230769231,12,13,wouldyourather
663.4,536.1239906340074,321.6666666666667,339.87791925925404,0.4467892222222222,0.6439604770492566,0.501449125,0.6608330443861061,0.9,9,10,wouldyourather
612.0344827586207,570.0431363852226,498.65,540.0175946801202,0.15520717857142857,0.27524842714135456,0.11124866666666665,0.24115015015836444,1.3793103448275863,40,29,wouldyourather
515.8571428571429,509.95442588874204,235.06666666666666,210.51619098460495,0.32090692307692303,0.537029549338619,0.32433064285714286,0.5186771795367805,1.0714285714285714,15,14,wouldyourather
657.0,492.15607280617803,431.0,389.77583301174536,0.43843920000000003,0.8432311036861484,0.4366478,0.8443175940043888,1.0,6,6,wouldyourather
926.1,540.8769525296653,310.5,268.02673995952966,0.45234011111111105,1.2409545112430767,0.19314399999999998,0.237893044338557,0.4,4,10,wouldyourather
615.3333333333334,578.8933119899267,443.25,568.0776795474366,0.0140562,0.027961519382179504,0.21814200000000003,0.2814176052429319,0.6666666666666666,4,6,wouldyourather
,,,,0.0,0.0,0.0,0.0,,0,0,youtube_browsing
,,,,0.0,0.0,0.0,0.0,,0,0,youtube_browsing
,,,,0.0,0.0,0.0,0.0,,0,0,youtube_browsing
,,,,0.0,0.0,0.0,0.0,,0,0,youtube_browsing
,,,,0.0,0.0,0.0,0.0,,0,0,youtube_browsing
,,,,0.0,0.0,0.0,0.0,,0,0,youtube_browsing
,,,,0.0,0.0,0.0,0.0,,0,0,youtube_browsing
,,,,0.0,0.0,0.0,0.0,,0,0,youtube_browsing
,,,,0.0,0.0,0.0,0.0,,0,0,youtube_browsing
,,,,0.0,0.0,0.0,0.0,,0,0,youtube_browsing
,,,,0.0,0.0,0.0,0.0,,0,0,youtube_browsing
,,,,0.0,0.0,0.0,0.0,,0,0,youtube_browsing
,,,,0.0,0.0,0.0,0.0,,0,0,youtube_browsing
,,,,0.0,0.0,0.0,0.0,,0,0,youtube_browsing
,,,,0.0,0.0,0.0,0.0,,0,0,youtube_browsing
,,,,0.0,0.0,0.0,0.0,,0,0,youtube_browsing
,,,,0.0,0.0,0.0,0.0,,0,0,youtube_browsing
,,,,0.0,0.0,0.0,0.0,,0,0,youtube_browsing
,,,,0.0,0.0,0.0,0.0,,0,0,youtube_browsing
,,,,0.0,0.0,0.0,0.0,,0,0,youtube_browsing
,,,,0.0,0.0,0.0,0.0,,0,0,youtube_browsing
,,,,0.0,0.0,0.0,0.0,,0,0,youtube_browsing
,,,,0.0,0.0,0.0,0.0,,0,0,youtube_browsing
,,,,0.0,0.0,0.0,0.0,,0,0,youtube_browsing
,,,,0.0,0.0,0.0,0.0,,0,0,youtube_browsing
,,,,0.0,0.0,0.0,0.0,,0,0,youtube_browsing
,,,,0.0,0.0,0.0,0.0,,0,0,youtube_browsing
,,,,0.0,0.0,0.0,0.0,,0,0,youtube_browsing
,,,,0.0,0.0,0.0,0.0,,0,0,youtube_browsing
441.1875,471.3195969827692,235.7826086956522,302.81601922945936,0.27504826666666665,0.7342540095534121,0.2158853636363636,0.4413339050680279,1.4375,23,16,youtube_watching
699.5,684.3008597588247,500.6666666666667,685.4789080149245,0.893605,0.6616255003716227,1.324027,0.256231,0.75,3,4,youtube_watching
285.2857142857143,246.0011614374441,488.3333333333333,539.8951287055663,0.7532376666666666,0.9049017475493617,0.5656605,0.7500957238787928,1.2857142857142858,9,7,youtube_watching
676.4722222222222,536.7046799610224,604.7857142857143,532.859536570648,0.0987205142857143,0.26762790614885656,0.15717974074074073,0.31670217530291683,0.7777777777777778,28,36,youtube_watching
,,129.25,19.956202043475106,0.0,0.0,0.20472966666666667,0.2895279356865048,,4,0,youtube_watching
95.0,,111.5,28.991378028648448,0.0,0.0,1.873584,0.0,2.0,2,1,youtube_watching
405.27272727272725,496.1358868110814,306.07142857142856,420.3083967179913,0.3872961,0.6439410370242683,0.2950219230769231,0.5623916926515323,1.2727272727272727,14,11,youtube_watching
124.0,,151.75,47.105378319961154,0.0,0.0,0.8235913333333333,0.2343506330442105,4.0,4,1,youtube_watching
812.6153846153846,594.8148925592369,598.4166666666666,538.9623799206183,0.36883458333333335,0.7020101558940652,0.3997095454545455,0.5788126567963959,0.9230769230769231,12,13,youtube_watching
416.6666666666667,528.9475084227797,150.63636363636363,104.70365106076554,0.42610019999999993,0.6569414059002219,0.3337683,0.42110820643014074,1.8333333333333333,11,6,youtube_watching
825.1,562.8245137992244,657.3636363636364,584.630870332259,0.28733322222222224,0.5048949068561535,0.4263406999999999,0.633705368261316,1.1,11,10,youtube_watching
98.0,,180.0,200.82828486047478,0.0,0.0,0.20118672727272724,0.32624827932422346,12.0,12,1,youtube_watching
301.25,399.8436152631009,142.16666666666666,63.628347980021196,1.2934759999999998,1.7797483882180274,0.7693424,0.9463176599636298,1.5,6,4,youtube_watching
124.0,,120.0,,0.0,0.0,0.0,0.0,1.0,1,1,youtube_watching
102.5,9.192388155425117,115.75,20.36950334855189,2.173818,0.0,1.2112143333333334,0.5062315583935434,2.0,4,2,youtube_watching
693.5,846.4068170802974,252.66666666666666,391.1946446463703,3.490541,0.0,0.532082875,0.8719532825740204,4.5,9,2,youtube_watching
,,341.0,,0.0,0.0,0.0,0.0,,1,0,youtube_watching
,,129.14285714285714,28.82376664854064,0.0,0.0,0.46934483333333327,0.6051968847770166,,7,0,youtube_watching
301.92857142857144,339.1122946040859,300.1923076923077,405.6515765265329,0.2974710769230769,0.4577755588254108,0.17385503999999996,0.24132759041708926,1.8571428571428572,26,14,youtube_watching
124.0,,121.25,10.90489186863706,0.0,0.0,0.7678826666666666,0.5108606534834677,4.0,4,1,youtube_watching
498.6666666666667,687.0824792798411,310.1666666666667,481.48329842962016,0.9876225000000001,0.8486535000000001,0.807034,0.7357347718467573,2.0,6,3,youtube_watching
,,123.5,23.867690853257393,0.0,0.0,1.0814573333333335,0.4746914494000871,,4,0,youtube_watching
1292.0,0.0,502.4,551.8772407781362,0.0010988,0.0013622940064464792,0.39891533333333334,0.6563946060616959,1.6666666666666667,10,6,youtube_watching
,,133.66666666666666,26.15084447329888,0.0,0.0,0.17067339999999998,0.28619241640588594,,6,0,youtube_watching
372.25,479.56907740178576,305.3,440.08258063433703,0.554247,0.8204441262175367,0.5120896666666667,0.5722179977149346,1.25,10,8,youtube_watching
609.375,636.3594980153009,790.75,687.2437184663303,0.5550897142857142,0.7190356975381709,0.555701857142857,0.5468819657783122,1.0,8,8,youtube_watching
108.33333333333333,12.013880860626733,114.3,20.41812919931696,1.9900455000000001,0.3097635000000001,0.44638977777777783,0.7618020443980588,3.3333333333333335,10,3,youtube_watching
,,113.625,7.539183358579741,0.0,0.0,0.39721599999999996,0.9237363040809552,,8,0,youtube_watching
1292.0,,279.57142857142856,446.45300504564386,0.0,0.0,0.3090865,0.4297407171371865,7.0,7,1,youtube_watching
544.7142857142857,509.7354589345714,859.1111111111111,652.0434119835205,0.009769666666666666,0.012994929558186232,0.006096,0.004318718386280819,1.2857142857142858,9,7,youtube_watching
331.3333333333333,477.20799099204817,291.75,414.24794162778545,0.8675604,1.00935476006855,0.6358777142857143,0.9282259271840965,1.3333333333333333,8,6,youtube_watching
124.0,,133.0,18.384776310850235,0.0,0.0,0.716373,0.0,2.0,2,1,youtube_watching
1055.4,529.0536834764503,449.42857142857144,575.6013832340506,0.37746675,0.5033484685237332,0.43779250000000003,0.4729301934425241,1.4,7,5,youtube_watching
524.6666666666666,175.91001487503016,424.7,533.0226282459519,0.0153305,0.0069305,0.1480014444444445,0.3487560696434341,3.3333333333333335,10,3,youtube_watching
1053.5714285714287,468.8339639086376,590.8333333333334,558.6639120854924,0.38498583333333336,0.8544480120891726,0.45236980000000004,0.617337464601785,0.8571428571428571,6,7,youtube_watching
107.5,17.67766952966369,98.0,9.899494936611665,4.280587,0.0,4.235893,0.0,1.0,2,2,youtube_watching
524.8333333333334,597.4577530392143,203.94736842105263,280.47172043703847,0.774041,1.4941772878759736,0.2129921111111111,0.6320429668722327,3.1666666666666665,19,6,youtube_watching
124.0,,139.0,54.90156480631329,0.0,0.0,0.2687808181818182,0.45203779124493926,12.0,12,1,youtube_watching
102.5,9.192388155425117,102.66666666666667,9.451631252505218,2.317558,0.0,1.843846,0.511891,1.5,3,2,youtube_watching
98.0,,284.0,313.4405844813336,0.0,0.0,0.8275702500000001,0.39847976873950264,5.0,5,1,youtube_watching
576.9117647058823,549.256046029374,588.2941176470588,585.4876511603973,0.08206578787878786,0.4093680988561226,0.14295169696969698,0.4890739389924028,1.0,34,34,youtube_watching
,,112.6,6.9498201415576215,0.0,0.0,0.6492804999999999,1.1169056718077182,,5,0,youtube_watching
484.57142857142856,530.0627995139553,219.82608695652175,288.3800604905574,0.30040100000000003,0.5518148475570964,0.18219377272727275,0.3914951722845184,1.6428571428571428,23,14,youtube_watching
122.0,2.8284271247461903,125.33333333333333,21.223200569759555,2.474501,0.0,0.3743387272727272,0.5800952653835232,6.0,12,2,youtube_watching
109.0,,166.4,71.5283160713294,0.0,0.0,0.847799,0.5874788292955755,5.0,5,1,youtube_watching
95.0,,157.75,79.20993804892342,0.0,0.0,0.5645837142857142,0.6594137030366368,8.0,8,1,youtube_watching
1292.0,0.0,477.0,562.646524126037,0.007579499999999999,0.013846711435692351,0.37911177777777777,0.7018092201178289,1.4285714285714286,10,7,youtube_watching
98.0,0.0,222.88888888888889,175.4874955975813,0.0330395,0.0298215,0.41385875000000005,0.4727262465544277,3.0,9,3,youtube_watching
306.14285714285717,235.4799556731093,531.875,554.528226126884,0.7262438333333333,1.3878762753831742,0.6179982857142857,1.301775121894025,1.1428571428571428,8,7,youtube_watching
606.0,423.7270347759274,439.8,529.0732058447651,0.26865229999999996,0.4909158041799123,0.18763564285714285,0.3656223561949068,1.3636363636363635,15,11,youtube_watching
519.5,609.3352349662939,331.6923076923077,401.7780035076138,0.3736132857142857,0.5695310635774247,0.36017024999999997,0.5407658570239565,1.625,13,8,youtube_watching
541.5454545454545,559.124916925791,179.70212765957447,191.21534501045517,0.4649458,0.7100720442725231,0.05344832258064516,0.19334288456311563,8.545454545454545,94,11,youtube_watching
,,150.53333333333333,61.19624949603489,0.0,0.0,0.35638107142857134,0.6921312273614907,,15,0,youtube_watching
,,146.0,33.8673884437522,0.0,0.0,0.1701035,0.16629249999999998,,3,0,youtube_watching
669.1818181818181,536.5237773261905,124.48275862068965,115.1516567313558,0.3867218,0.8047736021898084,0.03989398260869566,0.26561376983114554,10.545454545454545,116,11,youtube_watching
124.0,,130.5,14.849242404917497,0.0,0.0,4.722948,0.0,2.0,2,1,youtube_watching
697.0,687.0705931707455,343.2,530.4844012786804,0.8831776666666666,0.7187596773188906,0.67638475,0.728089847345908,1.25,5,4,youtube_watching
98.0,,223.57142857142858,265.37134807840954,0.0,0.0,0.4841711666666666,0.5152028863711254,7.0,7,1,youtube_watching
1106.5555555555557,419.41361181747277,759.5,596.3031946920962,0.18739075,0.4935657959744956,0.43478959999999994,0.5778232580610094,0.6666666666666666,6,9,youtube_watching
120.0,,122.0,22.627416997969522,0.0,0.0,3.19494,0.0,2.0,2,1,youtube_watching
135.0,77.197797896054,196.25,195.76908165829795,0.9698105,1.404755191512475,0.2758408,0.4565058784131482,3.2,16,5,youtube_watching
95.0,,114.5,16.217274740226856,0.0,0.0,1.0707556666666667,1.1300504310316812,4.0,4,1,youtube_watching
405.0,591.4518858988729,352.6,525.6574930503702,0.9729256666666667,0.4440617114428529,0.738167,0.48587600736659137,1.25,5,4,youtube_watching
459.8181818181818,514.5568614219071,598.5714285714286,576.2834867865442,0.0247828,0.03257902138738977,0.1640701,0.5858057554903245,1.9090909090909092,21,11,youtube_watching
524.6666666666666,175.91001487503016,396.0,488.4984414230277,0.0159205,0.0070945,0.29801281818181813,0.7126212445836616,4.0,12,3,youtube_watching
,,129.5,28.147570308744488,0.0,0.0,0.6344569999999999,0.8524535109254597,,8,0,youtube_watching
242.45454545454547,354.01987617543836,218.2,283.35631279362735,0.38699680000000003,0.7040994144864487,0.20181894736842104,0.35895923209327996,1.8181818181818181,20,11,youtube_watching
856.0285714285715,577.5426383910229,591.4255319148937,556.7668602972471,0.059982294117647064,0.20437015244728196,0.08557573913043479,0.3058912730590962,1.3428571428571427,47,35,youtube_watching
788.7142857142857,627.7235894578957,465.1,570.6301487536973,0.7293488333333334,0.9752226951576098,0.48680611111111116,0.7893419079447617,1.4285714285714286,10,7,youtube_watching
1292.0,0.0,857.5714285714286,544.9580586745054,0.40288,0.6450905551443922,0.6713085000000002,0.7929972814036523,1.4,7,5,youtube_watching
1292.0,0.0,1048.2857142857142,445.6817677393121,0.3656965555555556,0.8774112777411504,0.7252481666666667,0.646011523740203,0.7,7,10,youtube_watching
893.0,691.0882722199821,343.8,530.1647857034641,1.2052755,1.2052665,0.9771065,1.0313146847428527,1.6666666666666667,5,3,youtube_watching
371.4,519.2603393289343,431.125,534.0156331312515,0.9694732500000001,1.2236244745628406,0.5485728571428571,0.7746128206482861,1.6,8,5,youtube_watching
,,152.75,60.45039288540646,0.0,0.0,1.0300826666666667,0.9935838739138008,,4,0,youtube_watching
109.33333333333333,14.502873278538061,116.85714285714286,17.101935284528196,1.3784355000000001,0.12600449999999996,0.7679231666666667,0.49744589128782524,2.3333333333333335,7,3,youtube_watching
,,121.66666666666667,9.50438495292217,0.0,0.0,1.1259805,0.4090995,,3,0,youtube_watching
592.5,594.4331099646303,448.61538461538464,524.5069968490313,0.16276400000000002,0.3035858714806515,0.2947783333333333,0.3722096573642632,1.3,13,10,youtube_watching
98.0,,345.0,405.31099170883584,0.0,0.0,0.6662465,0.6261585000000001,3.0,3,1,youtube_watching
253.2,369.305594626215,234.84615384615384,321.78560309462944,0.43037088888888886,0.7743645518170144,0.31973191666666667,0.46606891196589845,1.3,13,10,youtube_watching
524.6666666666666,175.91001487503016,376.0833333333333,495.314860069896,0.019742,0.004012999999999999,0.08672109090909091,0.13797280700687137,4.0,12,3,youtube_watching
502.1666666666667,611.8765943118487,567.8333333333334,489.4745822478085,0.9118261999999999,0.9865209253118558,0.9219676,0.8518466750012234,1.0,6,6,youtube_watching
95.0,,119.5,22.651710752170576,0.0,0.0,0.42949899999999996,0.5644087451813623,6.0,6,1,youtube_watching
1106.4444444444443,419.59001153242167,598.1111111111111,542.7318500982884,0.163839375,0.3333979218107611,0.45625125000000005,0.44789124047271517,1.0,9,9,youtube_watching
,,139.11111111111111,69.01710738006274,0.0,0.0,0.39917300000000006,1.0377745150950421,,9,0,youtube_watching
137.8,71.6079604513353,168.7,79.40899753106628,0.9689107499999999,1.076603732768091,0.5165601111111111,0.6450489112559941,2.0,10,5,youtube_watching
633.5,625.5796584695743,523.9230769230769,540.8481705522759,0.030601636363636362,0.07983891490002366,0.2931434166666666,0.5929736203769183,1.0833333333333333,13,12,youtube_watching
105.75,13.841363131329707,127.18181818181819,49.73895491828951,0.8738116666666667,0.44673860859517794,0.38347460000000005,0.43124582086675345,2.75,11,4,youtube_watching
1292.0,0.0,575.0,623.1556787834,5e-06,0.0,0.870802,0.197971,1.5,3,2,youtube_watching
,,154.55555555555554,51.633591563804444,0.0,0.0,0.37876025,0.3674349434123509,,9,0,youtube_watching
467.2857142857143,479.69841716287897,902.7142857142857,618.0594231539961,0.008197999999999999,0.009468467088182752,0.088383,0.2883244973409701,2.0,14,7,youtube_watching
326.8333333333333,453.8331358016018,232.16666666666666,315.99464813040555,0.3534826363636364,0.6214983146365319,0.22666311764705882,0.48291353870864273,1.5,18,12,youtube_watching
96.5,2.1213203435596424,195.125,249.76814248418472,3.824004,0.0,0.5428542857142857,0.8556314588924893,4.0,8,2,youtube_watching
411.25,587.2009167794841,292.125,407.8019258344493,1.3958993333333334,0.9854198173033777,0.6015174285714285,0.8510952587027172,2.0,8,4,youtube_watching
98.0,,530.5,399.51533137039934,0.0,0.0,1.945451,0.0,2.0,2,1,youtube_watching
1292.0,0.0,1058.0,523.2399067349508,0.000606,0.0008282193248168023,0.688541,1.1893715478489049,0.5555555555555556,5,9,youtube_watching
695.0,689.3562214124131,664.8,474.05347799589026,0.09397100000000001,0.09006671512088507,0.11560399999999998,0.05330284348418947,1.25,5,4,youtube_watching
649.6666666666666,555.758650999622,541.4782608695652,510.62954634141374,0.14861634482758623,0.5540091783507883,0.1950418181818182,0.4431324946200049,0.7666666666666667,23,30,youtube_watching
,,114.5,16.583123951777,0.0,0.0,1.1770936666666667,0.9410490623597806,,4,0,youtube_watching
109.33333333333333,14.502873278538061,108.0,12.727922061357855,1.3406955,0.35130749999999994,1.3299583333333334,0.3033308811670114,1.3333333333333333,4,3,youtube_watching
524.6666666666666,175.91001487503016,899.5,592.6249516627977,0.013756,0.00809,0.009967666666666666,0.008569991922724054,1.3333333333333333,4,3,youtube_watching
818.2,648.837575977224,265.77777777777777,389.22544167159015,0.28530574999999997,0.31776485472938554,0.28148850000000003,0.35378871764903697,1.8,9,5,youtube_watching
263.0,363.3723985114995,224.7,237.62998781953237,0.976277,1.3076961714912987,0.5018135555555555,0.9954437712947829,2.0,10,5,youtube_watching
,,115.25,7.41057802513857,0.0,0.0,1.0213943333333333,1.2333033017081492,,4,0,youtube_watching
704.25,678.7028682224154,432.75,574.7981529777794,0.9065353333333334,0.6437516095080635,0.918638,0.4211557076102218,1.0,4,4,youtube_watching
480.2,529.588236274183,451.5,564.1161227974254,0.016931,0.02925087763640606,0.6862103333333334,0.9397119126279548,0.8,4,5,youtube_watching
933.75,550.6922267214497,444.75,536.746747944104,0.326826,0.5621684972936749,0.3831731428571428,0.5575608421215261,1.0,8,8,youtube_watching
993.5,597.0,345.125,460.40989113738954,1.485273,2.100456450909659,0.6197397142857142,0.8161334802211696,2.0,8,4,youtube_watching
144.25,85.88121641740604,174.4,111.33193611897711,1.2937576666666668,1.7816036053391775,0.9420617499999999,1.3854129806872344,1.25,5,4,youtube_watching
120.0,,152.4,58.55168656836453,0.0,0.0,0.14084625,0.235110325559486,5.0,5,1,youtube_watching
317.0,253.40165745314295,291.8333333333333,417.16187435067064,0.5629032,0.7235213880864616,0.17612482352941178,0.3861808336043127,3.0,18,6,youtube_watching
95.0,,105.5,20.506096654409877,0.0,0.0,0.820037,0.0,2.0,2,1,youtube_watching
,,231.0,148.40260554765652,0.0,0.0,1.092217,1.2014785222802224,,4,0,youtube_watching
,,113.0,,0.0,0.0,0.0,0.0,,1,0,youtube_watching
366.53333333333336,439.94348121851596,125.94117647058823,114.94186401694088,0.2761628571428571,0.5418448927612108,0.03246674576271186,0.20690038197276903,7.933333333333334,119,15,youtube_watching
,,202.25,141.8200150425414,0.0,0.0,1.092039,0.3315109118696799,,4,0,youtube_watching
106.5,13.12757911167681,185.27272727272728,217.43600939544993,0.9308666666666666,0.15772088224737038,0.3379353,0.43049973643291584,2.75,11,4,youtube_watching
120.0,,121.5,16.730212192318422,0.0,0.0,0.27410980000000007,0.4414278465971081,6.0,6,1,youtube_watching
1292.0,0.0,369.4,516.6650752663663,2e-06,0.0,0.7733554999999999,0.669682121367108,2.5,5,2,youtube_watching
98.0,,210.0909090909091,220.32178945599298,0.0,0.0,0.315697,0.5497018033486883,11.0,11,1,youtube_watching
649.5714285714286,635.7029854533371,442.0,514.1306115320169,0.6857936666666667,0.9153625120236366,0.6111385714285715,0.8593364803177019,1.1428571428571428,8,7,youtube_watching
686.3333333333334,596.9863901296243,625.375,548.00702224385,0.20982062499999998,0.4852945181747723,0.22446328571428573,0.3617765691831332,0.8888888888888888,8,9,youtube_watching
109.33333333333333,14.502873278538061,120.0,22.40535650240808,1.375729,0.523405,0.35451875,0.5722100070847569,3.0,9,3,youtube_watching
,,170.5,62.932503525602726,0.0,0.0,0.080828,0.0,,2,0,youtube_watching
98.0,,280.14285714285717,251.39903776760207,0.0,0.0,0.6747953333333334,0.6048130219367158,7.0,7,1,youtube_watching
423.5,248.12967040104925,462.1111111111111,551.2638761166118,0.827589,1.147802492867421,0.508464875,0.6038026443757177,2.25,9,4,youtube_watching
131.8,71.76141024255307,155.83333333333334,69.283235105375,0.9678554999999999,0.9556509864551754,0.7674562,0.8276011912667599,1.2,6,5,youtube_watching
,,112.0,6.244997998398398,0.0,0.0,0.016069,0.00236,,3,0,youtube_watching
508.3333333333333,678.7166811957206,412.0,586.7492366136207,1.401124,0.9321650000000001,0.9457646666666667,0.9903518704461672,1.3333333333333333,4,3,youtube_watching
854.4444444444445,521.1784989595961,610.0,556.69221498259,0.18729775,0.4128886520799978,0.351955,0.41495723638065,1.1111111111111112,10,9,youtube_watching
893.0,691.0882722199821,499.3333333333333,686.5743465447376,0.4770425,0.47703650000000003,0.510946,0.42099600000000004,1.0,3,3,youtube_watching
298.75,394.84374546563777,146.9,56.49867255077769,1.2929106666666668,1.7787884330223824,0.42711244444444446,0.8436683960677798,2.5,10,4,youtube_watching
,,168.25,60.41178141168603,0.0,0.0,1.3209416666666665,1.2418581968084046,,4,0,youtube_watching
112.0,12.987173159185437,109.57142857142857,10.260882724488877,1.02796,0.7142302638916014,0.5120588333333334,0.36305780127982223,1.75,7,4,youtube_watching
,,116.0,,0.0,0.0,0.0,0.0,,1,0,youtube_watching
580.3548387096774,555.6716985407298,547.3529411764706,567.1689867548664,0.0663648,0.17869929110723037,0.13852460606060604,0.43961727441167264,1.096774193548387,34,31,youtube_watching
,,118.85714285714286,21.365303425792728,0.0,0.0,0.4952763333333332,1.0365547901807002,,7,0,youtube_watching
406.90909090909093,497.931813513749,200.28571428571428,264.55701518900287,0.387473,0.7456896718492217,0.19173664999999998,0.44641863939224974,1.9090909090909092,21,11,youtube_watching
1292.0,0.0,1292.0,,0.000351,0.0,0.0,0.0,0.5,1,2,youtube_watching
110.33333333333333,13.051181300301263,156.33333333333334,83.34186622980474,1.7381834999999999,1.0760975,0.6928080000000001,1.0073531495111334,2.0,6,3,youtube_watching
671.0,526.0635787515506,518.1176470588235,520.0166923225808,0.24446577777777778,0.3305291137073599,0.226159,0.309074742213352,1.7,17,10,youtube_watching
1124.5714285714287,442.97436236681443,664.3333333333334,597.891712603545,0.514059,0.6664687825639947,0.385346375,0.37276895091159934,1.2857142857142858,9,7,youtube_watching
304.0,224.31584874903513,685.2666666666667,554.5857484473905,0.13348909999999997,0.27025025354010307,0.0755525,0.24166593238830153,1.3636363636363635,15,11,youtube_watching
502.4,549.7653785284878,290.3,367.1851031836668,0.3114475714285714,0.7890909193096567,0.4639936666666667,0.9391050588151586,0.6666666666666666,10,15,youtube_watching
283.25,200.78118271723906,891.8787878787879,553.243829471676,0.025655481481481484,0.040446416497743234,0.022211031250000002,0.040555432689009414,1.1785714285714286,33,28,youtube_watching
598.3846153846154,565.6275153790224,369.4782608695652,435.28129562859766,0.15526976,0.31881887310274215,0.1771874090909091,0.33331920218022226,0.8846153846153846,23,26,youtube_watching
824.3157894736842,543.7128585150621,801.5555555555555,596.5233807579127,0.11054716666666667,0.17788606104977858,0.11708541176470588,0.17168219646197133,0.9473684210526315,18,19,youtube_watching
