Timestamp,Source IP,Destination IP,Protocol,Length
2025-05-01 17:32:31.314061,192.0.66.159,192.168.0.132,TLS,1514
2025-05-01 17:32:31.436301,192.0.66.159,192.168.0.132,TLS,1514
2025-05-01 17:32:31.596952,192.168.0.132,172.66.0.227,TLS,260
2025-05-01 17:32:31.602939,192.168.0.132,150.171.22.12,TLS,566
2025-05-01 17:32:31.602948,192.168.0.132,150.171.22.12,TLS,56
2025-05-01 17:32:31.610436,192.168.0.132,150.171.22.12,TLS,566
2025-05-01 17:32:31.610497,192.168.0.132,150.171.22.12,TLS,558
2025-05-01 17:32:31.906461,192.0.66.159,192.168.0.132,TLS,1514
2025-05-01 17:32:31.962734,172.66.0.227,192.168.0.132,TLS,294
2025-05-01 17:32:31.963404,172.66.0.227,192.168.0.132,TLS,177
2025-05-01 17:32:31.963856,192.168.0.132,172.66.0.227,TLS,101
2025-05-01 17:32:31.964167,172.66.0.227,192.168.0.132,TLS,97
2025-05-01 17:32:32.028655,192.0.66.159,192.168.0.132,TLS,1514
2025-05-01 17:32:32.071904,150.171.22.12,192.168.0.132,TLS,610
2025-05-01 17:32:32.072450,150.171.22.12,192.168.0.132,TLS,85
2025-05-01 17:32:32.094027,150.171.22.12,192.168.0.132,TLS,534
2025-05-01 17:32:32.094745,150.171.22.12,192.168.0.132,TLS,85
2025-05-01 17:32:32.748099,192.0.66.159,192.168.0.132,TLS,1514
2025-05-01 17:32:33.047941,192.168.0.132,20.42.72.131,TLS,184
2025-05-01 17:32:33.047992,192.168.0.132,20.42.72.131,TLS,105
2025-05-01 17:32:33.048010,192.168.0.132,20.42.72.131,TLS,1494
2025-05-01 17:32:33.048013,192.168.0.132,20.42.72.131,TLS,813
2025-05-01 17:32:33.366730,150.171.22.12,192.168.0.132,TLS,93
2025-05-01 17:32:33.368694,192.168.0.132,150.171.22.12,TLS,89
2025-05-01 17:32:33.390839,192.168.0.132,20.42.65.91,TLS,583
2025-05-01 17:32:33.544434,52.43.62.1,192.168.0.132,TLS,97
2025-05-01 17:32:33.545132,52.43.62.1,192.168.0.132,TLS,97
2025-05-01 17:32:33.551847,20.42.72.131,192.168.0.132,TLS,105
2025-05-01 17:32:33.700010,20.42.65.91,192.168.0.132,TLS,165
2025-05-01 17:32:33.700916,192.168.0.132,20.42.65.91,TLS,503
2025-05-01 17:32:33.998706,192.0.66.159,192.168.0.132,TLS,1514
2025-05-01 17:32:34.007113,20.42.65.91,192.168.0.132,TLS,1514
2025-05-01 17:32:34.013411,20.42.65.91,192.168.0.132,TLS,257
2025-05-01 17:32:34.014127,20.42.72.131,192.168.0.132,TLS,165
2025-05-01 17:32:34.015950,192.168.0.132,20.42.65.91,TLS,1494
2025-05-01 17:32:34.015976,192.168.0.132,20.42.65.91,TLS,629
2025-05-01 17:32:34.016083,192.168.0.132,20.42.72.131,TLS,101
2025-05-01 17:32:34.076141,20.42.65.91,192.168.0.132,TLS,169
2025-05-01 17:32:34.077581,20.42.65.91,192.168.0.132,TLS,531
2025-05-01 17:32:34.078148,192.168.0.132,20.42.65.91,TLS,90
2025-05-01 17:32:34.300622,192.0.66.159,192.168.0.132,TLS,1514
2025-05-01 17:32:34.493060,192.0.66.159,192.168.0.132,TLS,1514
2025-05-01 17:32:34.576910,192.168.0.132,142.250.191.228,QUIC,1292
2025-05-01 17:32:34.576913,192.168.0.132,142.250.191.228,QUIC,1292
2025-05-01 17:32:34.576924,192.168.0.132,142.250.191.228,QUIC,1292
2025-05-01 17:32:34.613951,142.250.191.228,192.168.0.132,QUIC,1292
2025-05-01 17:32:34.670258,192.0.66.159,192.168.0.132,TLS,1514
2025-05-01 17:32:34.782622,192.168.0.132,142.250.191.174,QUIC,1292
2025-05-01 17:32:34.782624,192.168.0.132,142.250.191.174,QUIC,1292
2025-05-01 17:32:34.898386,142.250.191.174,192.168.0.132,QUIC,1292
2025-05-01 17:32:34.930658,192.168.0.132,52.205.53.209,TLS,1514
2025-05-01 17:32:34.930665,192.168.0.132,52.205.53.209,TLS,443
2025-05-01 17:32:35.080466,192.0.66.159,192.168.0.132,TLS,1514
2025-05-01 17:32:35.089040,52.205.53.209,192.168.0.132,TLS,1514
2025-05-01 17:32:35.102261,192.168.0.132,150.171.22.12,TLS,566
2025-05-01 17:32:35.102433,52.205.53.209,192.168.0.132,TLS,1462
2025-05-01 17:32:35.103369,192.168.0.132,52.205.53.209,TLS,192
2025-05-01 17:32:35.103429,192.168.0.132,52.205.53.209,TLS,165
2025-05-01 17:32:35.103472,192.168.0.132,52.205.53.209,TLS,403
2025-05-01 17:32:35.103482,192.168.0.132,52.205.53.209,TLS,688
2025-05-01 17:32:35.132699,192.0.66.159,192.168.0.132,TLS,1514
2025-05-01 17:32:35.136375,192.0.66.159,192.168.0.132,TLS,1514
2025-05-01 17:32:35.287344,192.168.0.132,142.250.191.195,QUIC,1292
2025-05-01 17:32:35.287375,192.168.0.132,142.250.191.195,QUIC,1292
2025-05-01 17:32:35.436475,52.205.53.209,192.168.0.132,TLS,270
2025-05-01 17:32:35.437272,52.205.53.209,192.168.0.132,TLS,144
2025-05-01 17:32:35.437413,192.168.0.132,52.205.53.209,TLS,104
2025-05-01 17:32:35.438177,52.205.53.209,192.168.0.132,TLS,298
2025-05-01 17:32:35.439000,52.205.53.209,192.168.0.132,TLS,104
2025-05-01 17:32:35.597997,142.250.191.195,192.168.0.132,QUIC,1292
2025-05-01 17:32:35.688388,192.168.0.132,150.171.22.12,TLS,566
2025-05-01 17:32:35.763497,192.168.0.132,142.250.190.33,QUIC,1292
2025-05-01 17:32:35.763498,192.168.0.132,142.250.190.33,QUIC,1292
2025-05-01 17:32:35.770579,192.168.0.132,150.171.22.12,TLS,357
2025-05-01 17:32:35.859271,192.168.0.132,192.0.66.159,TLS,89
2025-05-01 17:32:36.119077,192.168.0.132,142.250.191.110,QUIC,1292
2025-05-01 17:32:36.119110,192.168.0.132,142.250.191.110,QUIC,1292
2025-05-01 17:32:36.205650,192.0.66.159,192.168.0.132,TLS,1514
2025-05-01 17:32:36.262257,192.0.66.159,192.168.0.132,TLS,1514
2025-05-01 17:32:36.578515,142.250.190.33,192.168.0.132,QUIC,1292
2025-05-01 17:32:36.782639,150.171.22.12,192.168.0.132,TLS,227
2025-05-01 17:32:36.883341,142.250.191.110,192.168.0.132,QUIC,1292
2025-05-01 17:32:37.234876,192.0.66.159,192.168.0.132,TLS,1514
2025-05-01 17:32:37.862261,192.168.0.132,142.250.191.129,QUIC,1292
2025-05-01 17:32:37.862263,192.168.0.132,142.250.191.129,QUIC,1292
2025-05-01 17:32:37.862264,192.168.0.132,142.250.191.129,QUIC,1292
2025-05-01 17:32:38.521772,192.0.66.159,192.168.0.132,TLS,1514
2025-05-01 17:32:38.631888,142.250.191.129,192.168.0.132,QUIC,1292
2025-05-01 17:32:39.480391,192.0.66.159,192.168.0.132,TLS,1514
2025-05-01 17:32:39.518707,192.0.66.159,192.168.0.132,TLS,1514
2025-05-01 17:32:39.519664,192.168.0.132,142.250.191.145,TLS,1466
2025-05-01 17:32:39.519670,192.168.0.132,142.250.191.145,TLS,426
2025-05-01 17:32:39.719884,192.168.0.132,142.250.191.145,TLS,1466
2025-05-01 17:32:39.719894,192.168.0.132,142.250.191.145,TLS,426
2025-05-01 17:32:40.533086,142.250.191.145,192.168.0.132,TLS,1466
2025-05-01 17:32:40.543164,142.250.191.145,192.168.0.132,TLS,679
2025-05-01 17:32:40.544298,192.168.0.132,142.250.191.145,TLS,140
2025-05-01 17:32:40.544457,192.168.0.132,142.250.191.145,TLS,158
2025-05-01 17:32:40.544553,192.168.0.132,142.250.191.145,TLS,721
2025-05-01 17:32:40.544564,192.168.0.132,142.250.191.145,TLS,719
2025-05-01 17:32:40.587551,192.0.66.159,192.168.0.132,TLS,1514
2025-05-01 17:32:40.951870,142.250.191.145,192.168.0.132,TLS,1466
2025-05-01 17:32:40.966111,142.250.191.145,192.168.0.132,TLS,680
2025-05-01 17:32:40.966426,192.168.0.132,142.250.191.145,TLS,140
2025-05-01 17:32:40.976108,192.0.66.159,192.168.0.132,TLS,1514
2025-05-01 17:32:41.016234,192.168.0.132,35.186.224.30,TLS,98
2025-05-01 17:32:41.599950,142.250.191.145,192.168.0.132,TLS,1032
2025-05-01 17:32:41.600400,192.168.0.132,142.250.191.145,TLS,97
2025-05-01 17:32:41.643076,142.250.191.145,192.168.0.132,TLS,1291
2025-05-01 17:32:41.643080,142.250.191.145,192.168.0.132,TLS,97
2025-05-01 17:32:41.643527,142.250.191.145,192.168.0.132,TLS,105
2025-05-01 17:32:42.230636,192.0.66.159,192.168.0.132,TLS,1514
2025-05-01 17:32:42.230920,142.250.191.145,192.168.0.132,TLS,1032
2025-05-01 17:32:42.256949,35.186.224.30,192.168.0.132,TLS,94
2025-05-01 17:32:42.359152,192.0.66.159,192.168.0.132,TLS,1514
2025-05-01 17:32:42.538955,192.168.0.132,142.250.191.145,TLS,105
2025-05-01 17:32:42.563904,192.0.66.159,192.168.0.132,TLS,1514
2025-05-01 17:32:42.673388,192.0.66.159,192.168.0.132,TLS,1514
2025-05-01 17:32:42.860676,192.0.66.159,192.168.0.132,TLS,1514
2025-05-01 17:32:42.923910,192.0.66.159,192.168.0.132,TLS,1514
2025-05-01 17:32:43.123578,192.0.66.159,192.168.0.132,TLS,1514
2025-05-01 17:32:43.185133,192.168.0.132,216.171.1.168,QUIC,1292
2025-05-01 17:32:43.185136,192.168.0.132,216.171.1.168,QUIC,1292
2025-05-01 17:32:43.235415,216.171.1.168,192.168.0.132,QUIC,1292
2025-05-01 17:32:43.358108,192.0.66.159,192.168.0.132,TLS,1514
2025-05-01 17:32:43.925063,192.0.66.159,192.168.0.132,DATA,1514
2025-05-01 17:32:43.949958,192.0.66.159,192.168.0.132,TLS,1514
2025-05-01 17:32:44.001911,192.168.0.132,216.171.1.170,QUIC,1292
2025-05-01 17:32:44.001914,192.168.0.132,216.171.1.170,QUIC,1292
2025-05-01 17:32:44.016481,192.0.66.159,192.168.0.132,TLS,1514
2025-05-01 17:32:44.052343,216.171.1.170,192.168.0.132,QUIC,1292
2025-05-01 17:32:44.188067,192.0.66.159,192.168.0.132,TLS,1514
2025-05-01 17:32:44.374328,192.0.66.159,192.168.0.132,TLS,1514
2025-05-01 17:32:45.227141,192.0.66.159,192.168.0.132,TLS,1514
2025-05-01 17:32:45.317116,192.0.66.159,192.168.0.132,TLS,1514
2025-05-01 17:32:45.317888,192.0.66.159,192.168.0.132,TLS,1514
2025-05-01 17:32:45.368737,192.0.66.159,192.168.0.132,TLS,1514
2025-05-01 17:32:45.387885,192.168.0.132,142.251.32.1,TLS,1466
2025-05-01 17:32:45.387892,192.168.0.132,142.251.32.1,TLS,481
2025-05-01 17:32:45.427438,142.251.32.1,192.168.0.132,TLS,1466
2025-05-01 17:32:45.427448,142.251.32.1,192.168.0.132,TLS,774
2025-05-01 17:32:45.429264,192.168.0.132,142.251.32.1,TLS,140
2025-05-01 17:32:45.429466,192.168.0.132,142.251.32.1,TLS,158
2025-05-01 17:32:45.429621,192.168.0.132,142.251.32.1,TLS,726
2025-05-01 17:32:45.447735,142.251.32.1,192.168.0.132,TLS,1078
2025-05-01 17:32:45.447865,192.168.0.132,142.251.32.1,TLS,97
2025-05-01 17:32:45.449950,142.251.32.1,192.168.0.132,TLS,97
2025-05-01 17:32:45.450421,142.251.32.1,192.168.0.132,TLS,485
2025-05-01 17:32:45.457297,142.251.32.1,192.168.0.132,TLS,1466
2025-05-01 17:32:45.470086,142.251.32.1,192.168.0.132,TLS,1466
2025-05-01 17:32:45.470092,142.251.32.1,192.168.0.132,TLS,1466
2025-05-01 17:32:45.470093,142.251.32.1,192.168.0.132,TLS,1466
2025-05-01 17:32:45.471417,142.251.32.1,192.168.0.132,TLS,1466
2025-05-01 17:32:45.471419,142.251.32.1,192.168.0.132,TLS,1466
2025-05-01 17:32:45.471420,142.251.32.1,192.168.0.132,TLS,1466
2025-05-01 17:32:45.472279,142.251.32.1,192.168.0.132,TLS,1466
2025-05-01 17:32:45.485909,142.251.32.1,192.168.0.132,TLS,1466
2025-05-01 17:32:45.485912,142.251.32.1,192.168.0.132,TLS,1466
2025-05-01 17:32:45.485914,142.251.32.1,192.168.0.132,TLS,1466
2025-05-01 17:32:45.485915,142.251.32.1,192.168.0.132,TLS,1466
2025-05-01 17:32:45.485921,142.251.32.1,192.168.0.132,TLS,1466
2025-05-01 17:32:45.485923,142.251.32.1,192.168.0.132,TLS,1466
2025-05-01 17:32:45.485924,142.251.32.1,192.168.0.132,TLS,1466
2025-05-01 17:32:45.485925,142.251.32.1,192.168.0.132,TLS,1466
2025-05-01 17:32:45.485933,142.251.32.1,192.168.0.132,TLS,1466
2025-05-01 17:32:45.485935,142.251.32.1,192.168.0.132,TLS,1466
2025-05-01 17:32:45.697113,142.251.32.1,192.168.0.132,TLS,1466
2025-05-01 17:32:45.697114,142.251.32.1,192.168.0.132,TLS,1466
2025-05-01 17:32:45.697116,142.251.32.1,192.168.0.132,TLS,1466
2025-05-01 17:32:45.697117,142.251.32.1,192.168.0.132,TLS,1466
2025-05-01 17:32:45.697119,142.251.32.1,192.168.0.132,TLS,1466
2025-05-01 17:32:45.697128,142.251.32.1,192.168.0.132,TLS,1466
2025-05-01 17:32:45.697129,142.251.32.1,192.168.0.132,TLS,1466
2025-05-01 17:32:45.697130,142.251.32.1,192.168.0.132,TLS,1466
2025-05-01 17:32:45.697131,142.251.32.1,192.168.0.132,TLS,1466
2025-05-01 17:32:45.697133,142.251.32.1,192.168.0.132,TLS,1466
2025-05-01 17:32:45.697134,142.251.32.1,192.168.0.132,TLS,1466
2025-05-01 17:32:45.697136,142.251.32.1,192.168.0.132,TLS,1466
2025-05-01 17:32:45.697138,142.251.32.1,192.168.0.132,TLS,1466
2025-05-01 17:32:45.707166,142.251.32.1,192.168.0.132,TLS,1466
2025-05-01 17:32:45.707168,142.251.32.1,192.168.0.132,TLS,1466
2025-05-01 17:32:45.707169,142.251.32.1,192.168.0.132,TLS,1466
2025-05-01 17:32:45.707171,142.251.32.1,192.168.0.132,TLS,1466
2025-05-01 17:32:45.707173,142.251.32.1,192.168.0.132,TLS,1466
2025-05-01 17:32:45.707174,142.251.32.1,192.168.0.132,TLS,1466
2025-05-01 17:32:45.707628,142.251.32.1,192.168.0.132,TLS,1466
2025-05-01 17:32:45.707629,142.251.32.1,192.168.0.132,TLS,1466
2025-05-01 17:32:45.708483,142.251.32.1,192.168.0.132,TLS,1466
2025-05-01 17:32:45.708484,142.251.32.1,192.168.0.132,TLS,1466
2025-05-01 17:32:45.708733,142.251.32.1,192.168.0.132,TLS,1466
2025-05-01 17:32:45.708907,142.251.32.1,192.168.0.132,TLS,1466
2025-05-01 17:32:45.709071,142.251.32.1,192.168.0.132,TLS,1466
2025-05-01 17:32:45.709418,142.251.32.1,192.168.0.132,TLS,1466
2025-05-01 17:32:45.709419,142.251.32.1,192.168.0.132,TLS,1466
2025-05-01 17:32:45.709649,142.251.32.1,192.168.0.132,TLS,1466
2025-05-01 17:32:45.709729,142.251.32.1,192.168.0.132,TLS,1466
2025-05-01 17:32:45.710208,142.251.32.1,192.168.0.132,TLS,1466
2025-05-01 17:32:45.710763,142.251.32.1,192.168.0.132,TLS,1466
2025-05-01 17:32:45.710764,142.251.32.1,192.168.0.132,TLS,1466
2025-05-01 17:32:45.711079,142.251.32.1,192.168.0.132,TLS,1466
2025-05-01 17:32:45.711080,142.251.32.1,192.168.0.132,TLS,1466
2025-05-01 17:32:45.713638,142.251.32.1,192.168.0.132,TLS,1466
2025-05-01 17:32:45.713640,142.251.32.1,192.168.0.132,TLS,1466
2025-05-01 17:32:45.714014,142.251.32.1,192.168.0.132,TLS,1466
2025-05-01 17:32:45.714381,142.251.32.1,192.168.0.132,TLS,1466
2025-05-01 17:32:45.714382,142.251.32.1,192.168.0.132,TLS,1466
2025-05-01 17:32:45.714669,142.251.32.1,192.168.0.132,TLS,1466
2025-05-01 17:32:45.717959,192.0.66.159,192.168.0.132,TLS,1514
2025-05-01 17:32:45.738564,192.0.66.159,192.168.0.132,TLS,1514
2025-05-01 17:32:45.740268,142.251.32.1,192.168.0.132,TLS,1466
2025-05-01 17:32:45.740269,142.251.32.1,192.168.0.132,TLS,1466
2025-05-01 17:32:45.740271,142.251.32.1,192.168.0.132,TLS,1466
2025-05-01 17:32:45.740274,142.251.32.1,192.168.0.132,TLS,205
2025-05-01 17:32:45.740632,192.168.0.132,142.251.32.1,TLS,105
2025-05-01 17:32:45.748290,192.168.0.132,142.250.191.174,QUIC,1292
2025-05-01 17:32:45.748293,192.168.0.132,142.250.191.174,QUIC,1292
2025-05-01 17:32:45.767557,142.250.191.174,192.168.0.132,QUIC,1292
2025-05-01 17:32:45.770846,192.168.0.132,209.85.164.41,QUIC,1292
2025-05-01 17:32:45.770847,192.168.0.132,209.85.164.41,QUIC,1292
2025-05-01 17:32:45.775683,192.0.66.159,192.168.0.132,TLS,1514
2025-05-01 17:32:45.784970,209.85.164.41,192.168.0.132,QUIC,1292
2025-05-01 17:32:45.919618,192.0.66.159,192.168.0.132,TLS,1514
2025-05-01 17:32:46.017896,192.0.66.159,192.168.0.132,TLS,1514
2025-05-01 17:32:46.096072,192.0.66.159,192.168.0.132,TLS,1514
2025-05-01 17:32:46.505021,192.0.66.159,192.168.0.132,TLS,1514
2025-05-01 17:32:46.549323,192.168.0.132,216.171.1.169,QUIC,1292
2025-05-01 17:32:46.549325,192.168.0.132,216.171.1.169,QUIC,1292
2025-05-01 17:32:46.556632,216.171.1.169,192.168.0.132,QUIC,1292
2025-05-01 17:32:46.635631,192.0.66.159,192.168.0.132,TLS,1514
2025-05-01 17:32:46.766401,192.0.66.159,192.168.0.132,TLS,1514
2025-05-01 17:32:46.987722,192.0.66.159,192.168.0.132,TLS,1514
2025-05-01 17:32:46.997843,192.0.66.159,192.168.0.132,TLS,1514
2025-05-01 17:32:47.000379,192.0.66.159,192.168.0.132,TLS,1514
2025-05-01 17:32:47.010042,192.0.66.159,192.168.0.132,TLS,1514
2025-05-01 17:32:47.177626,192.0.66.159,192.168.0.132,TLS,1514
2025-05-01 17:32:47.244795,192.0.66.159,192.168.0.132,TLS,1514
2025-05-01 17:32:47.250583,192.0.66.159,192.168.0.132,TLS,1514
2025-05-01 17:32:47.253669,192.0.66.159,192.168.0.132,TLS,1514
2025-05-01 17:32:47.367785,192.0.66.159,192.168.0.132,TLS,1514
2025-05-01 17:32:47.395983,192.0.66.159,192.168.0.132,TLS,1514
2025-05-01 17:32:47.415875,192.0.66.159,192.168.0.132,TLS,1514
2025-05-01 17:32:47.485779,192.0.66.159,192.168.0.132,TLS,1514
2025-05-01 17:32:47.494395,192.0.66.159,192.168.0.132,TLS,1514
2025-05-01 17:32:47.746609,192.0.66.159,192.168.0.132,TLS,1514
2025-05-01 17:32:47.836808,192.0.66.159,192.168.0.132,TLS,1514
2025-05-01 17:32:47.950206,192.0.66.159,192.168.0.132,TLS,1514
2025-05-01 17:32:48.113685,150.171.22.12,192.168.0.132,TLS,93
2025-05-01 17:32:48.114657,192.0.66.159,192.168.0.132,TLS,1514
2025-05-01 17:32:48.114961,192.168.0.132,150.171.22.12,TLS,89
2025-05-01 17:32:48.114974,192.168.0.132,150.171.22.12,TLS,89
2025-05-01 17:32:48.226499,192.0.66.159,192.168.0.132,TLS,1514
2025-05-01 17:32:48.417702,192.0.66.159,192.168.0.132,TLS,1514
2025-05-01 17:32:48.420416,192.0.66.159,192.168.0.132,TLS,1514
2025-05-01 17:32:48.424676,192.0.66.159,192.168.0.132,TLS,1514
2025-05-01 17:32:48.485309,192.0.66.159,192.168.0.132,TLS,1514
2025-05-01 17:32:48.501218,192.0.66.159,192.168.0.132,TLS,1514
2025-05-01 17:32:48.646941,192.0.66.159,192.168.0.132,TLS,1514
2025-05-01 17:32:48.727248,192.0.66.159,192.168.0.132,TLS,1514
2025-05-01 17:32:48.795232,192.0.66.159,192.168.0.132,TLS,1514
2025-05-01 17:32:48.798805,192.0.66.159,192.168.0.132,TLS,1514
2025-05-01 17:32:48.852101,192.0.66.159,192.168.0.132,TLS,1514
2025-05-01 17:32:48.965724,192.0.66.159,192.168.0.132,TLS,1514
2025-05-01 17:32:48.981807,192.0.66.159,192.168.0.132,TLS,1514
2025-05-01 17:32:48.981963,192.0.66.159,192.168.0.132,TLS,1514
2025-05-01 17:32:49.007995,192.0.66.159,192.168.0.132,TLS,1514
2025-05-01 17:32:49.014190,192.0.66.159,192.168.0.132,TLS,1514
2025-05-01 17:32:49.021665,192.0.66.159,192.168.0.132,TLS,1514
2025-05-01 17:32:49.021878,192.0.66.159,192.168.0.132,TLS,1514
2025-05-01 17:32:49.136364,192.0.66.159,192.168.0.132,TLS,1514
2025-05-01 17:32:49.139089,192.0.66.159,192.168.0.132,TLS,1514
2025-05-01 17:32:49.216158,192.0.66.159,192.168.0.132,TLS,1514
2025-05-01 17:32:49.216160,192.0.66.159,192.168.0.132,TLS,1514
2025-05-01 17:32:49.231724,192.0.66.159,192.168.0.132,TLS,1514
2025-05-01 17:32:49.255979,192.0.66.159,192.168.0.132,TLS,1514
2025-05-01 17:32:49.414953,192.0.66.159,192.168.0.132,TLS,1514
2025-05-01 17:32:49.418482,192.0.66.159,192.168.0.132,TLS,1514
2025-05-01 17:32:49.418485,192.0.66.159,192.168.0.132,TLS,1514
2025-05-01 17:32:49.497443,192.0.66.159,192.168.0.132,TLS,1514
2025-05-01 17:32:49.579312,192.0.66.159,192.168.0.132,TLS,1514
2025-05-01 17:32:49.581743,192.0.66.159,192.168.0.132,TLS,1514
2025-05-01 17:32:49.587806,192.0.66.159,192.168.0.132,TLS,1514
2025-05-01 17:32:49.688935,192.0.66.159,192.168.0.132,TLS,1514
2025-05-01 17:32:49.697120,192.0.66.159,192.168.0.132,TLS,1514
2025-05-01 17:32:49.703613,192.0.66.159,192.168.0.132,TLS,1514
2025-05-01 17:32:49.717571,192.0.66.159,192.168.0.132,TLS,1514
2025-05-01 17:32:49.734301,192.0.66.159,192.168.0.132,TLS,1514
2025-05-01 17:32:49.824553,192.0.66.159,192.168.0.132,TLS,1514
2025-05-01 17:32:49.827368,192.0.66.159,192.168.0.132,TLS,1514
2025-05-01 17:32:49.827372,192.0.66.159,192.168.0.132,TLS,1514
2025-05-01 17:32:49.834120,192.0.66.159,192.168.0.132,TLS,1514
2025-05-01 17:32:49.836769,192.0.66.159,192.168.0.132,TLS,1514
2025-05-01 17:32:49.849967,192.0.66.159,192.168.0.132,TLS,1514
2025-05-01 17:32:49.870631,192.0.66.159,192.168.0.132,TLS,1514
2025-05-01 17:32:49.873429,192.0.66.159,192.168.0.132,TLS,1514
2025-05-01 17:32:49.873433,192.0.66.159,192.168.0.132,TLS,1514
2025-05-01 17:32:49.918706,192.0.66.159,192.168.0.132,TLS,1514
2025-05-01 17:32:49.919201,192.0.66.159,192.168.0.132,TLS,1514
2025-05-01 17:32:49.983132,192.0.66.159,192.168.0.132,TLS,1514
2025-05-01 17:32:49.983149,192.0.66.159,192.168.0.132,TLS,1514
2025-05-01 17:32:49.983353,192.0.66.159,192.168.0.132,TLS,1514
2025-05-01 17:32:49.984436,192.0.66.159,192.168.0.132,TLS,1514
2025-05-01 17:32:49.986096,192.0.66.159,192.168.0.132,TLS,1514
2025-05-01 17:32:50.026618,192.0.66.159,192.168.0.132,TLS,1514
2025-05-01 17:32:50.042313,192.0.66.159,192.168.0.132,TLS,1514
2025-05-01 17:32:50.078465,192.0.66.159,192.168.0.132,TLS,1514
2025-05-01 17:32:50.201637,192.0.66.159,192.168.0.132,TLS,1514
2025-05-01 17:32:50.204521,192.0.66.159,192.168.0.132,TLS,1514
2025-05-01 17:32:50.214599,192.0.66.159,192.168.0.132,TLS,1514
2025-05-01 17:32:50.223350,192.0.66.159,192.168.0.132,TLS,1514
2025-05-01 17:32:50.223352,192.0.66.159,192.168.0.132,TLS,1514
2025-05-01 17:32:50.232196,192.0.66.159,192.168.0.132,TLS,1514
2025-05-01 17:32:50.233245,192.0.66.159,192.168.0.132,TLS,1514
2025-05-01 17:32:50.237356,192.0.66.159,192.168.0.132,TLS,1514
2025-05-01 17:32:50.237771,192.0.66.159,192.168.0.132,TLS,1514
2025-05-01 17:32:50.237871,192.0.66.159,192.168.0.132,DATA,1514
2025-05-01 17:32:50.238301,192.0.66.159,192.168.0.132,TLS,1514
2025-05-01 17:32:50.244609,192.0.66.159,192.168.0.132,TLS,1514
2025-05-01 17:32:50.257969,192.0.66.159,192.168.0.132,TLS,1514
2025-05-01 17:32:50.290570,192.0.66.159,192.168.0.132,TLS,1514
2025-05-01 17:32:50.333208,192.0.66.159,192.168.0.132,TLS,1514
2025-05-01 17:32:50.333870,192.0.66.159,192.168.0.132,TLS,1514
2025-05-01 17:32:50.336537,192.0.66.159,192.168.0.132,TLS,1514
2025-05-01 17:32:50.391582,192.0.66.159,192.168.0.132,TLS,1514
2025-05-01 17:32:50.391584,192.0.66.159,192.168.0.132,TLS,1514
2025-05-01 17:32:50.396028,192.0.66.159,192.168.0.132,TLS,1514
2025-05-01 17:32:50.396029,192.0.66.159,192.168.0.132,TLS,1514
2025-05-01 17:32:50.396033,192.0.66.159,192.168.0.132,TLS,1514
2025-05-01 17:32:50.441083,192.0.66.159,192.168.0.132,TLS,1514
2025-05-01 17:32:50.500430,192.0.66.159,192.168.0.132,TLS,1514
2025-05-01 17:32:50.542691,192.0.66.159,192.168.0.132,TLS,1514
2025-05-01 17:32:50.654081,192.0.66.159,192.168.0.132,TLS,1514
2025-05-01 17:32:50.658871,192.0.66.159,192.168.0.132,TLS,1514
2025-05-01 17:32:50.661535,192.0.66.159,192.168.0.132,TLS,1514
2025-05-01 17:32:50.671698,192.0.66.159,192.168.0.132,TLS,1514
2025-05-01 17:32:50.758494,192.0.66.159,192.168.0.132,TLS,1514
2025-05-01 17:32:50.759886,192.0.66.159,192.168.0.132,TLS,1514
2025-05-01 17:32:50.761384,192.0.66.159,192.168.0.132,TLS,1514
2025-05-01 17:32:50.764403,192.0.66.159,192.168.0.132,TLS,1514
2025-05-01 17:32:50.800219,192.0.66.159,192.168.0.132,TLS,1514
2025-05-01 17:32:50.806192,192.0.66.159,192.168.0.132,TLS,1514
2025-05-01 17:32:50.808427,192.0.66.159,192.168.0.132,TLS,1514
2025-05-01 17:32:50.808429,192.0.66.159,192.168.0.132,TLS,1514
2025-05-01 17:32:50.815172,192.0.66.159,192.168.0.132,TLS,1514
2025-05-01 17:32:50.829880,192.0.66.159,192.168.0.132,TLS,1514
2025-05-01 17:32:50.837059,192.0.66.159,192.168.0.132,TLS,1514
2025-05-01 17:32:50.848236,192.0.66.159,192.168.0.132,TLS,1514
2025-05-01 17:32:50.860766,192.0.66.159,192.168.0.132,TLS,1514
2025-05-01 17:32:50.866095,192.0.66.159,192.168.0.132,TLS,1514
2025-05-01 17:32:50.871606,192.0.66.159,192.168.0.132,TLS,1514
2025-05-01 17:32:50.885255,192.0.66.159,192.168.0.132,TLS,1514
2025-05-01 17:32:50.921701,192.0.66.159,192.168.0.132,TLS,1514
2025-05-01 17:32:50.921709,192.0.66.159,192.168.0.132,TLS,1514
2025-05-01 17:32:51.020773,192.0.66.159,192.168.0.132,TLS,1514
2025-05-01 17:32:51.033392,192.0.66.159,192.168.0.132,TLS,1514
2025-05-01 17:32:51.054406,192.0.66.159,192.168.0.132,TLS,1514
2025-05-01 17:32:51.058236,192.0.66.159,192.168.0.132,TLS,1514
2025-05-01 17:32:51.058241,192.0.66.159,192.168.0.132,TLS,1514
2025-05-01 17:32:51.136241,192.0.66.159,192.168.0.132,TLS,1514
2025-05-01 17:32:51.137233,192.0.66.159,192.168.0.132,TLS,1514
2025-05-01 17:32:51.240255,192.0.66.159,192.168.0.132,TLS,1514
2025-05-01 17:32:51.274915,192.0.66.159,192.168.0.132,TLS,1514
2025-05-01 17:32:51.286898,192.0.66.159,192.168.0.132,TLS,1514
2025-05-01 17:32:51.286917,192.0.66.159,192.168.0.132,TLS,1514
2025-05-01 17:32:51.286918,192.0.66.159,192.168.0.132,TLS,1514
2025-05-01 17:32:51.315921,192.0.66.159,192.168.0.132,TLS,1514
2025-05-01 17:32:51.362621,192.0.66.159,192.168.0.132,TLS,1514
2025-05-01 17:32:51.421828,192.0.66.159,192.168.0.132,TLS,1514
2025-05-01 17:32:51.421832,192.0.66.159,192.168.0.132,TLS,1514
2025-05-01 17:32:51.433157,192.0.66.159,192.168.0.132,TLS,1514
2025-05-01 17:32:51.528731,192.0.66.159,192.168.0.132,TLS,1514
2025-05-01 17:32:51.588324,192.0.66.159,192.168.0.132,TLS,1514
2025-05-01 17:32:51.659246,192.0.66.159,192.168.0.132,TLS,1514
2025-05-01 17:32:51.668826,192.0.66.159,192.168.0.132,TLS,1514
2025-05-01 17:32:51.671025,192.0.66.159,192.168.0.132,TLS,1514
2025-05-01 17:32:51.725824,192.0.66.159,192.168.0.132,TLS,1514
2025-05-01 17:32:51.729627,192.0.66.159,192.168.0.132,TLS,1514
2025-05-01 17:32:51.739018,192.0.66.159,192.168.0.132,TLS,1514
2025-05-01 17:32:51.834127,192.0.66.159,192.168.0.132,TLS,1514
2025-05-01 17:32:51.852660,192.0.66.159,192.168.0.132,TLS,1514
2025-05-01 17:32:51.854777,192.0.66.159,192.168.0.132,TLS,1514
2025-05-01 17:32:51.895588,192.0.66.159,192.168.0.132,TLS,1514
2025-05-01 17:32:51.899328,192.0.66.159,192.168.0.132,TLS,1514
2025-05-01 17:32:51.900946,192.0.66.159,192.168.0.132,TLS,1514
2025-05-01 17:32:51.941423,192.0.66.159,192.168.0.132,TLS,1514
2025-05-01 17:32:51.941446,192.0.66.159,192.168.0.132,TLS,1514
2025-05-01 17:32:51.943717,192.0.66.159,192.168.0.132,TLS,1514
2025-05-01 17:32:51.977057,192.0.66.159,192.168.0.132,TLS,1514
2025-05-01 17:32:51.981896,192.0.66.159,192.168.0.132,TLS,1514
2025-05-01 17:32:51.983661,192.0.66.159,192.168.0.132,TLS,1514
2025-05-01 17:32:51.998103,192.0.66.159,192.168.0.132,TLS,1514
2025-05-01 17:32:52.005083,192.0.66.159,192.168.0.132,TLS,1514
2025-05-01 17:32:52.005177,192.0.66.159,192.168.0.132,TLS,1514
2025-05-01 17:32:52.034953,192.0.66.159,192.168.0.132,TLS,1514
2025-05-01 17:32:52.039687,192.0.66.159,192.168.0.132,TLS,1514
2025-05-01 17:32:52.046194,192.0.66.159,192.168.0.132,TLS,1514
2025-05-01 17:32:52.060451,192.0.66.159,192.168.0.132,TLS,1514
2025-05-01 17:32:52.067763,192.0.66.159,192.168.0.132,TLS,1514
2025-05-01 17:32:52.077590,192.0.66.159,192.168.0.132,TLS,1514
2025-05-01 17:32:52.080078,192.0.66.159,192.168.0.132,TLS,1514
2025-05-01 17:32:52.081314,192.0.66.159,192.168.0.132,TLS,1514
2025-05-01 17:32:52.084898,192.0.66.159,192.168.0.132,TLS,1514
2025-05-01 17:32:52.087630,192.0.66.159,192.168.0.132,TLS,1514
2025-05-01 17:32:52.090786,192.0.66.159,192.168.0.132,TLS,1514
2025-05-01 17:32:52.101781,192.0.66.159,192.168.0.132,TLS,1514
2025-05-01 17:32:52.127576,192.0.66.159,192.168.0.132,TLS,1514
2025-05-01 17:32:52.129573,192.0.66.159,192.168.0.132,TLS,1514
2025-05-01 17:32:52.133060,192.0.66.159,192.168.0.132,TLS,1514
2025-05-01 17:32:52.157948,192.0.66.159,192.168.0.132,TLS,1514
2025-05-01 17:32:52.158454,192.0.66.159,192.168.0.132,TLS,1514
2025-05-01 17:32:52.160120,192.0.66.159,192.168.0.132,TLS,1514
2025-05-01 17:32:52.165535,192.0.66.159,192.168.0.132,TLS,1514
2025-05-01 17:32:52.278441,192.0.66.159,192.168.0.132,TLS,1514
2025-05-01 17:32:52.289567,192.0.66.159,192.168.0.132,TLS,1514
2025-05-01 17:32:52.291386,192.0.66.159,192.168.0.132,TLS,1514
2025-05-01 17:32:52.291392,192.0.66.159,192.168.0.132,TLS,1514
2025-05-01 17:32:52.293582,192.0.66.159,192.168.0.132,TLS,1514
2025-05-01 17:32:52.294388,192.0.66.159,192.168.0.132,TLS,1514
2025-05-01 17:32:52.296090,192.0.66.159,192.168.0.132,TLS,1514
2025-05-01 17:32:52.342419,192.0.66.159,192.168.0.132,TLS,1514
2025-05-01 17:32:52.377128,192.0.66.159,192.168.0.132,TLS,1514
2025-05-01 17:32:52.389153,192.0.66.159,192.168.0.132,TLS,1514
2025-05-01 17:32:52.401171,192.0.66.159,192.168.0.132,TLS,1514
2025-05-01 17:32:52.443658,192.0.66.159,192.168.0.132,TLS,1514
2025-05-01 17:32:52.506961,192.0.66.159,192.168.0.132,TLS,1514
2025-05-01 17:32:52.519500,192.0.66.159,192.168.0.132,TLS,1514
2025-05-01 17:32:52.551210,192.0.66.159,192.168.0.132,TLS,1514
2025-05-01 17:32:52.551753,192.0.66.159,192.168.0.132,TLS,1514
2025-05-01 17:32:52.594750,192.0.66.159,192.168.0.132,TLS,1514
2025-05-01 17:32:52.601823,192.0.66.159,192.168.0.132,TLS,1514
2025-05-01 17:32:52.609247,192.0.66.159,192.168.0.132,TLS,1514
2025-05-01 17:32:52.609259,192.0.66.159,192.168.0.132,TLS,1514
2025-05-01 17:32:52.638194,192.0.66.159,192.168.0.132,TLS,1514
2025-05-01 17:32:52.648383,192.0.66.159,192.168.0.132,TLS,1514
2025-05-01 17:32:52.648409,192.0.66.159,192.168.0.132,TLS,1514
2025-05-01 17:32:52.651632,192.0.66.159,192.168.0.132,TLS,1514
2025-05-01 17:32:52.719292,192.0.66.159,192.168.0.132,TLS,1514
2025-05-01 17:32:52.762492,192.0.66.159,192.168.0.132,TLS,1514
2025-05-01 17:32:52.800407,192.0.66.159,192.168.0.132,TLS,1514
2025-05-01 17:32:52.810317,192.0.66.159,192.168.0.132,TLS,1514
2025-05-01 17:32:52.810380,192.0.66.159,192.168.0.132,TLS,1514
2025-05-01 17:32:52.822942,192.0.66.159,192.168.0.132,TLS,1514
2025-05-01 17:32:52.825000,192.0.66.159,192.168.0.132,TLS,1514
2025-05-01 17:32:52.860640,192.0.66.159,192.168.0.132,TLS,1514
2025-05-01 17:32:52.863503,192.0.66.159,192.168.0.132,TLS,1514
2025-05-01 17:32:52.864937,192.0.66.159,192.168.0.132,TLS,1514
2025-05-01 17:32:52.958126,192.0.66.159,192.168.0.132,TLS,1514
2025-05-01 17:32:53.026523,192.0.66.159,192.168.0.132,TLS,1514
2025-05-01 17:32:53.026536,192.0.66.159,192.168.0.132,TLS,1514
2025-05-01 17:32:53.030481,192.0.66.159,192.168.0.132,TLS,1514
2025-05-01 17:32:53.032451,192.0.66.159,192.168.0.132,TLS,1514
2025-05-01 17:32:53.050974,192.0.66.159,192.168.0.132,TLS,1514
2025-05-01 17:32:53.127192,192.0.66.159,192.168.0.132,TLS,1514
2025-05-01 17:32:53.132063,192.0.66.159,192.168.0.132,TLS,1514
2025-05-01 17:32:53.183310,192.0.66.159,192.168.0.132,TLS,1514
2025-05-01 17:32:53.320386,192.0.66.159,192.168.0.132,TLS,1514
2025-05-01 17:32:53.322599,192.0.66.159,192.168.0.132,TLS,1514
2025-05-01 17:32:53.325053,192.0.66.159,192.168.0.132,TLS,1514
2025-05-01 17:32:53.328646,192.0.66.159,192.168.0.132,TLS,1514
2025-05-01 17:32:53.406812,192.0.66.159,192.168.0.132,TLS,1514
2025-05-01 17:32:53.410418,192.0.66.159,192.168.0.132,TLS,1514
2025-05-01 17:32:53.418009,192.0.66.159,192.168.0.132,TLS,1514
2025-05-01 17:32:53.422999,192.0.66.159,192.168.0.132,TLS,1514
2025-05-01 17:32:53.463891,192.0.66.159,192.168.0.132,TLS,1514
2025-05-01 17:32:53.528762,192.0.66.159,192.168.0.132,TLS,1514
2025-05-01 17:32:53.531803,192.0.66.159,192.168.0.132,TLS,1514
2025-05-01 17:32:53.531805,192.0.66.159,192.168.0.132,TLS,1514
2025-05-01 17:32:53.632150,192.168.0.132,35.186.224.24,QUIC,1292
2025-05-01 17:32:53.632155,192.168.0.132,35.186.224.24,QUIC,1292
2025-05-01 17:32:53.727104,192.0.66.159,192.168.0.132,TLS,1514
2025-05-01 17:32:53.728138,192.0.66.159,192.168.0.132,TLS,1514
2025-05-01 17:32:53.764708,192.0.66.159,192.168.0.132,TLS,1514
2025-05-01 17:32:53.872463,192.0.66.159,192.168.0.132,TLS,1514
2025-05-01 17:32:53.887665,192.0.66.159,192.168.0.132,TLS,1514
2025-05-01 17:32:53.892776,192.0.66.159,192.168.0.132,TLS,1514
2025-05-01 17:32:53.893867,192.0.66.159,192.168.0.132,TLS,1514
2025-05-01 17:32:53.903948,192.0.66.159,192.168.0.132,TLS,1514
2025-05-01 17:32:53.994136,192.0.66.159,192.168.0.132,TLS,1514
2025-05-01 17:32:54.035638,192.0.66.159,192.168.0.132,TLS,1514
2025-05-01 17:32:54.091977,192.0.66.159,192.168.0.132,TLS,1514
2025-05-01 17:32:54.101778,192.0.66.159,192.168.0.132,TLS,1514
2025-05-01 17:32:54.103761,192.0.66.159,192.168.0.132,TLS,1514
2025-05-01 17:32:54.106579,192.0.66.159,192.168.0.132,TLS,1514
2025-05-01 17:32:54.228259,192.0.66.159,192.168.0.132,TLS,1514
2025-05-01 17:32:54.235573,192.0.66.159,192.168.0.132,TLS,1514
2025-05-01 17:32:54.259498,192.0.66.159,192.168.0.132,TLS,1514
2025-05-01 17:32:54.444338,208.103.161.2,192.168.0.132,TLS,91
2025-05-01 17:32:54.445282,192.168.0.132,208.103.161.2,TLS,95
2025-05-01 17:32:54.447354,192.0.66.159,192.168.0.132,TLS,1514
2025-05-01 17:32:54.490619,192.0.66.159,192.168.0.132,TLS,1514
2025-05-01 17:32:54.492237,35.186.224.24,192.168.0.132,QUIC,1292
2025-05-01 17:32:54.665028,192.0.66.159,192.168.0.132,TLS,1514
2025-05-01 17:32:54.687787,192.0.66.159,192.168.0.132,TLS,1514
2025-05-01 17:32:54.692994,192.168.0.132,35.186.224.24,TLS,1466
2025-05-01 17:32:54.693002,192.168.0.132,35.186.224.24,TLS,787
2025-05-01 17:32:54.706771,192.0.66.159,192.168.0.132,TLS,1514
2025-05-01 17:32:54.722614,192.0.66.159,192.168.0.132,TLS,1514
2025-05-01 17:32:54.746585,192.0.66.159,192.168.0.132,TLS,1514
2025-05-01 17:32:54.747163,192.0.66.159,192.168.0.132,TLS,1514
2025-05-01 17:32:54.935749,192.0.66.159,192.168.0.132,TLS,1514
2025-05-01 17:32:54.977921,192.0.66.159,192.168.0.132,TLS,1514
2025-05-01 17:32:55.030873,192.0.66.159,192.168.0.132,TLS,1514
2025-05-01 17:32:55.031759,192.0.66.159,192.168.0.132,TLS,1514
2025-05-01 17:32:55.220280,192.0.66.159,192.168.0.132,TLS,1514
2025-05-01 17:32:55.222963,192.0.66.159,192.168.0.132,TLS,1514
2025-05-01 17:32:55.236798,192.0.66.159,192.168.0.132,TLS,1514
2025-05-01 17:32:55.418528,192.0.66.159,192.168.0.132,TLS,1514
2025-05-01 17:32:55.425006,35.186.224.24,192.168.0.132,TLS,278
2025-05-01 17:32:55.425009,192.0.66.159,192.168.0.132,TLS,1514
2025-05-01 17:32:55.425454,192.168.0.132,35.186.224.24,TLS,130
2025-05-01 17:32:55.472288,192.0.66.159,192.168.0.132,TLS,1514
2025-05-01 17:32:55.472299,192.0.66.159,192.168.0.132,TLS,1514
2025-05-01 17:32:55.562586,192.168.0.132,35.186.224.24,TLS,1466
2025-05-01 17:32:55.562592,192.168.0.132,35.186.224.24,TLS,691
2025-05-01 17:32:55.671687,192.0.66.159,192.168.0.132,TLS,1514
2025-05-01 17:32:55.773522,192.0.66.159,192.168.0.132,TLS,1514
2025-05-01 17:32:55.777429,192.0.66.159,192.168.0.132,TLS,1514
2025-05-01 17:32:55.843908,192.0.66.159,192.168.0.132,TLS,1514
2025-05-01 17:32:55.847136,192.0.66.159,192.168.0.132,TLS,1514
2025-05-01 17:32:55.847139,35.186.224.24,192.168.0.132,TLS,684
2025-05-01 17:32:55.848030,192.0.66.159,192.168.0.132,TLS,1514
2025-05-01 17:32:55.854634,192.0.66.159,192.168.0.132,TLS,1514
2025-05-01 17:32:55.857198,192.0.66.159,192.168.0.132,TLS,1514
2025-05-01 17:32:55.922717,35.186.224.24,192.168.0.132,TLS,278
2025-05-01 17:32:55.924044,192.0.66.159,192.168.0.132,TLS,1514
2025-05-01 17:32:55.924284,192.168.0.132,35.186.224.24,TLS,130
2025-05-01 17:32:55.981024,192.0.66.159,192.168.0.132,TLS,1514
2025-05-01 17:32:56.033804,192.0.66.159,192.168.0.132,TLS,1514
2025-05-01 17:32:56.035158,192.0.66.159,192.168.0.132,TLS,1514
2025-05-01 17:32:56.097002,192.0.66.159,192.168.0.132,TLS,1514
2025-05-01 17:32:56.212680,192.168.0.132,172.217.5.3,QUIC,1292
2025-05-01 17:32:56.212683,192.168.0.132,172.217.5.3,QUIC,1292
2025-05-01 17:32:56.270265,192.168.0.132,172.66.0.227,TLS,259
2025-05-01 17:32:56.270291,192.168.0.132,172.66.0.227,TLS,105
2025-05-01 17:32:56.693966,192.0.66.159,192.168.0.132,TLS,1514
2025-05-01 17:32:56.951261,35.186.224.24,192.168.0.132,TLS,684
2025-05-01 17:32:57.005477,192.0.66.159,192.168.0.132,TLS,1514
2025-05-01 17:32:57.005494,192.0.66.159,192.168.0.132,TLS,1514
2025-05-01 17:32:57.005510,192.0.66.159,192.168.0.132,TLS,1514
2025-05-01 17:32:57.094361,192.0.66.159,192.168.0.132,TLS,1514
2025-05-01 17:32:57.102664,172.66.0.227,192.168.0.132,TLS,105
2025-05-01 17:32:57.142761,172.217.5.3,192.168.0.132,QUIC,1292
2025-05-01 17:32:57.196797,172.66.0.227,192.168.0.132,TLS,346
2025-05-01 17:32:57.196799,172.66.0.227,192.168.0.132,TLS,208
2025-05-01 17:32:57.197226,192.168.0.132,172.66.0.227,TLS,101
2025-05-01 17:32:57.210153,208.103.161.2,192.168.0.132,TLS,120
2025-05-01 17:32:57.210579,192.168.0.132,208.103.161.2,TLS,124
2025-05-01 17:32:57.868083,192.0.66.159,192.168.0.132,TLS,1514
2025-05-01 17:32:57.939345,192.0.66.159,192.168.0.132,TLS,1514
2025-05-01 17:32:58.009787,192.0.66.159,192.168.0.132,TLS,1514
2025-05-01 17:32:58.202208,192.0.66.159,192.168.0.132,TLS,1514
2025-05-01 17:32:58.206159,192.0.66.159,192.168.0.132,TLS,1514
2025-05-01 17:32:58.206170,192.0.66.159,192.168.0.132,TLS,1514
2025-05-01 17:32:58.210197,192.0.66.159,192.168.0.132,TLS,1514
2025-05-01 17:32:58.647258,192.0.66.159,192.168.0.132,TLS,1514
2025-05-01 17:32:58.651487,192.0.66.159,192.168.0.132,TLS,1514
2025-05-01 17:32:58.790230,192.0.66.159,192.168.0.132,TLS,1514
2025-05-01 17:32:58.794604,192.0.66.159,192.168.0.132,TLS,1514
2025-05-01 17:32:58.794611,192.0.66.159,192.168.0.132,TLS,1514
2025-05-01 17:32:58.852425,192.0.66.159,192.168.0.132,TLS,1514
2025-05-01 17:32:58.950782,192.0.66.159,192.168.0.132,TLS,1514
2025-05-01 17:32:58.964615,192.0.66.159,192.168.0.132,TLS,1514
2025-05-01 17:32:59.311940,192.168.0.132,35.186.224.30,TLS,109
2025-05-01 17:32:59.313945,192.0.66.159,192.168.0.132,TLS,1514
2025-05-01 17:32:59.313975,192.0.66.159,192.168.0.132,TLS,1514
2025-05-01 17:32:59.313984,192.0.66.159,192.168.0.132,TLS,1514
2025-05-01 17:32:59.314017,192.0.66.159,192.168.0.132,TLS,1514
2025-05-01 17:32:59.330942,192.0.66.159,192.168.0.132,TLS,1514
2025-05-01 17:32:59.358086,192.0.66.159,192.168.0.132,TLS,1514
2025-05-01 17:32:59.360855,192.0.66.159,192.168.0.132,TLS,1514
2025-05-01 17:32:59.464049,192.0.66.159,192.168.0.132,TLS,1514
2025-05-01 17:32:59.635289,192.0.66.159,192.168.0.132,TLS,1514
2025-05-01 17:32:59.635290,192.0.66.159,192.168.0.132,TLS,1514
2025-05-01 17:33:00.074907,35.186.224.30,192.168.0.132,TLS,106
2025-05-01 17:33:00.744941,192.0.66.159,192.168.0.132,TLS,1514
2025-05-01 17:33:00.746339,192.0.66.159,192.168.0.132,TLS,1514
2025-05-01 17:33:00.797438,192.0.66.159,192.168.0.132,TLS,1514
2025-05-01 17:33:00.816896,192.0.66.159,192.168.0.132,TLS,1514
2025-05-01 17:33:00.858351,192.0.66.159,192.168.0.132,TLS,1514
2025-05-01 17:33:00.897279,192.0.66.159,192.168.0.132,TLS,1514
2025-05-01 17:33:00.897303,192.0.66.159,192.168.0.132,TLS,1514
2025-05-01 17:33:00.987639,192.0.66.159,192.168.0.132,TLS,1514
2025-05-01 17:33:01.043088,192.0.66.159,192.168.0.132,TLS,1514
2025-05-01 17:33:01.218717,192.0.66.159,192.168.0.132,TLS,1514
2025-05-01 17:33:01.220704,192.0.66.159,192.168.0.132,TLS,1514
2025-05-01 17:33:01.318276,192.0.66.159,192.168.0.132,TLS,1514
2025-05-01 17:33:01.371138,192.0.66.159,192.168.0.132,TLS,1514
2025-05-01 17:33:01.371140,192.0.66.159,192.168.0.132,TLS,1514
2025-05-01 17:33:01.460063,192.0.66.159,192.168.0.132,TLS,1514
2025-05-01 17:33:01.514966,192.0.66.159,192.168.0.132,TLS,1514
2025-05-01 17:33:01.555051,192.0.66.159,192.168.0.132,TLS,1514
2025-05-01 17:33:01.707361,192.0.66.159,192.168.0.132,TLS,1514
2025-05-01 17:33:01.722825,192.0.66.159,192.168.0.132,TLS,1514
2025-05-01 17:33:01.727856,192.0.66.159,192.168.0.132,TLS,1514
2025-05-01 17:33:01.795679,192.0.66.159,192.168.0.132,TLS,1514
2025-05-01 17:33:01.814685,192.0.66.159,192.168.0.132,TLS,1514
2025-05-01 17:33:01.883783,192.0.66.159,192.168.0.132,TLS,1514
2025-05-01 17:33:01.909645,192.0.66.159,192.168.0.132,TLS,1514
2025-05-01 17:33:01.914603,192.0.66.159,192.168.0.132,TLS,1514
2025-05-01 17:33:02.901451,150.171.22.12,192.168.0.132,TLS,93
2025-05-01 17:33:02.903514,192.168.0.132,150.171.22.12,TLS,89
2025-05-01 17:33:02.903560,192.168.0.132,150.171.22.12,TLS,89
2025-05-01 17:33:05.240222,192.168.0.132,150.171.22.12,TLS,566
2025-05-01 17:33:05.240246,192.168.0.132,150.171.22.12,TLS,339
2025-05-01 17:33:05.309391,192.168.0.132,150.171.22.12,TLS,416
2025-05-01 17:33:05.395062,150.171.22.12,192.168.0.132,TLS,275
2025-05-01 17:33:06.893164,150.171.22.12,192.168.0.132,TLS,95
2025-05-01 17:33:06.893568,150.171.22.12,192.168.0.132,TLS,85
2025-05-01 17:33:07.899572,192.168.0.132,150.171.22.12,TLS,566
2025-05-01 17:33:07.899592,192.168.0.132,150.171.22.12,TLS,261
2025-05-01 17:33:08.183429,150.171.22.12,192.168.0.132,TLS,1514
2025-05-01 17:33:08.183431,150.171.22.12,192.168.0.132,TLS,1477
2025-05-01 17:33:08.184516,192.168.0.132,150.171.22.12,TLS,89
2025-05-01 17:33:08.188358,192.168.0.132,150.171.22.12,TLS,566
2025-05-01 17:33:08.188386,192.168.0.132,150.171.22.12,TLS,453
2025-05-01 17:33:08.188406,192.168.0.132,150.171.22.12,TLS,275
2025-05-01 17:33:08.188654,192.168.0.132,150.171.22.12,TLS,566
2025-05-01 17:33:08.695524,192.168.0.132,150.171.22.12,TLS,261
2025-05-01 17:33:08.699834,150.171.22.12,192.168.0.132,TLS,594
2025-05-01 17:33:08.699835,150.171.22.12,192.168.0.132,TLS,104
2025-05-01 17:33:08.700423,150.171.22.12,192.168.0.132,TLS,85
2025-05-01 17:33:09.335488,150.171.22.12,192.168.0.132,TLS,271
2025-05-01 17:33:09.335955,150.171.22.12,192.168.0.132,TLS,85
2025-05-01 17:33:11.014158,192.168.0.132,35.186.224.30,TLS,98
2025-05-01 17:33:11.045308,35.186.224.30,192.168.0.132,TLS,94
2025-05-01 17:33:11.213241,192.168.0.132,192.17.88.30,TLS,583
2025-05-01 17:33:11.224077,192.17.88.30,192.168.0.132,TLS,1514
2025-05-01 17:33:11.231289,192.17.88.30,192.168.0.132,TLS,1184
2025-05-01 17:33:11.231898,192.168.0.132,192.17.88.30,TLS,664
2025-05-01 17:33:11.252363,192.17.88.30,192.168.0.132,TLS,141
2025-05-01 17:33:11.252664,192.168.0.132,192.17.88.30,TLS,327
2025-05-01 17:33:11.264501,192.17.88.30,192.168.0.132,TLS,759
2025-05-01 17:33:12.242753,192.168.0.132,142.250.190.14,QUIC,1292
2025-05-01 17:33:12.242754,192.168.0.132,142.250.190.14,QUIC,1292
2025-05-01 17:33:12.260589,142.250.190.14,192.168.0.132,QUIC,1292
2025-05-01 17:33:13.008677,192.168.0.132,142.250.191.228,QUIC,1292
2025-05-01 17:33:13.188138,142.250.191.228,192.168.0.132,QUIC,1292
2025-05-01 17:33:13.482351,140.82.114.25,192.168.0.132,TLS,107
2025-05-01 17:33:13.482595,192.168.0.132,140.82.114.25,TLS,111
2025-05-01 17:33:14.293518,192.168.0.132,13.107.5.93,TLS,763
2025-05-01 17:33:14.295650,192.168.0.132,13.107.5.93,TLS,571
2025-05-01 17:33:14.295742,192.168.0.132,13.107.5.93,TLS,571
2025-05-01 17:33:14.295791,192.168.0.132,13.107.5.93,TLS,571
2025-05-01 17:33:14.295836,192.168.0.132,13.107.5.93,TLS,571
2025-05-01 17:33:14.308606,13.107.5.93,192.168.0.132,TLS,153
2025-05-01 17:33:14.308607,13.107.5.93,192.168.0.132,TLS,153
2025-05-01 17:33:14.308608,13.107.5.93,192.168.0.132,TLS,153
2025-05-01 17:33:14.308612,13.107.5.93,192.168.0.132,TLS,153
2025-05-01 17:33:14.308613,13.107.5.93,192.168.0.132,TLS,153
2025-05-01 17:33:14.309254,192.168.0.132,13.107.5.93,TLS,398
2025-05-01 17:33:14.309683,192.168.0.132,13.107.5.93,TLS,398
2025-05-01 17:33:14.310121,192.168.0.132,13.107.5.93,TLS,834
2025-05-01 17:33:14.310577,192.168.0.132,13.107.5.93,TLS,398
2025-05-01 17:33:14.311003,192.168.0.132,13.107.5.93,TLS,398
2025-05-01 17:33:14.323237,13.107.5.93,192.168.0.132,TLS,1514
2025-05-01 17:33:14.323294,13.107.5.93,192.168.0.132,TLS,1312
2025-05-01 17:33:14.323706,13.107.5.93,192.168.0.132,TLS,1514
2025-05-01 17:33:14.324755,192.168.0.132,13.107.5.93,TLS,660
2025-05-01 17:33:14.328190,13.107.5.93,192.168.0.132,TLS,1312
2025-05-01 17:33:14.328193,13.107.5.93,192.168.0.132,TLS,1514
2025-05-01 17:33:14.328197,13.107.5.93,192.168.0.132,TLS,1297
2025-05-01 17:33:14.328199,13.107.5.93,192.168.0.132,TLS,1514
2025-05-01 17:33:14.328202,13.107.5.93,192.168.0.132,TLS,1312
2025-05-01 17:33:14.328297,13.107.5.93,192.168.0.132,TLS,1514
2025-05-01 17:33:14.328897,192.168.0.132,13.107.5.93,TLS,668
2025-05-01 17:33:14.329682,192.168.0.132,13.107.5.93,TLS,624
2025-05-01 17:33:14.330511,192.168.0.132,13.107.5.93,TLS,676
2025-05-01 17:33:14.335332,13.107.5.93,192.168.0.132,TLS,1312
2025-05-01 17:33:14.336002,192.168.0.132,13.107.5.93,TLS,668
2025-05-01 17:33:14.347738,13.107.5.93,192.168.0.132,TLS,513
2025-05-01 17:33:14.347740,13.107.5.93,192.168.0.132,TLS,513
2025-05-01 17:33:14.347743,13.107.5.93,192.168.0.132,TLS,513
2025-05-01 17:33:14.347745,13.107.5.93,192.168.0.132,TLS,513
2025-05-01 17:33:14.352331,13.107.5.93,192.168.0.132,TLS,513
2025-05-01 17:33:14.361583,13.107.5.93,192.168.0.132,TLS,1513
2025-05-01 17:33:14.362258,13.107.5.93,192.168.0.132,TLS,1100
2025-05-01 17:33:14.362260,13.107.5.93,192.168.0.132,TLS,1100
2025-05-01 17:33:14.362263,13.107.5.93,192.168.0.132,TLS,555
2025-05-01 17:33:14.365983,13.107.5.93,192.168.0.132,TLS,1514
2025-05-01 17:33:14.374298,13.107.5.93,192.168.0.132,TLS,751
2025-05-01 17:33:14.375009,13.107.5.93,192.168.0.132,TLS,1514
2025-05-01 17:33:14.375011,13.107.5.93,192.168.0.132,TLS,73
2025-05-01 17:33:14.375012,13.107.5.93,192.168.0.132,TLS,1100
2025-05-01 17:33:14.375014,13.107.5.93,192.168.0.132,TLS,210
2025-05-01 17:33:14.375116,13.107.5.93,192.168.0.132,TLS,1514
2025-05-01 17:33:14.375118,13.107.5.93,192.168.0.132,TLS,55
2025-05-01 17:33:14.375119,13.107.5.93,192.168.0.132,TLS,751
2025-05-01 17:33:14.375267,192.168.0.132,13.107.5.93,TLS,78
2025-05-01 17:33:14.451785,13.107.5.93,192.168.0.132,TLS,1514
2025-05-01 17:33:14.453742,13.107.5.93,192.168.0.132,TLS,55
2025-05-01 17:33:14.453743,13.107.5.93,192.168.0.132,TLS,751
2025-05-01 17:33:14.504995,192.168.0.132,13.107.5.93,TLS,571
2025-05-01 17:33:14.505050,192.168.0.132,13.107.5.93,TLS,571
2025-05-01 17:33:14.513107,13.107.5.93,192.168.0.132,TLS,153
2025-05-01 17:33:14.513331,13.107.5.93,192.168.0.132,TLS,153
2025-05-01 17:33:14.519330,192.168.0.132,13.107.5.93,TLS,398
2025-05-01 17:33:14.519419,192.168.0.132,13.107.5.93,TLS,571
2025-05-01 17:33:14.519796,192.168.0.132,13.107.5.93,TLS,398
2025-05-01 17:33:14.527719,13.107.5.93,192.168.0.132,TLS,153
2025-05-01 17:33:14.530436,13.107.5.93,192.168.0.132,TLS,1514
2025-05-01 17:33:14.530608,192.168.0.132,13.107.5.93,TLS,763
2025-05-01 17:33:14.531015,192.168.0.132,13.107.5.93,TLS,398
2025-05-01 17:33:14.531165,13.107.5.93,192.168.0.132,TLS,1312
2025-05-01 17:33:14.531167,13.107.5.93,192.168.0.132,TLS,1514
2025-05-01 17:33:14.531291,13.107.5.93,192.168.0.132,TLS,1312
2025-05-01 17:33:14.539137,192.168.0.132,13.107.5.93,TLS,660
2025-05-01 17:33:14.540184,192.168.0.132,13.107.5.93,TLS,659
2025-05-01 17:33:14.547184,192.168.0.132,13.107.5.93,TLS,571
2025-05-01 17:33:14.550829,192.168.0.132,13.107.5.93,TLS,763
2025-05-01 17:33:14.553158,13.107.5.93,192.168.0.132,TLS,153
2025-05-01 17:33:14.553734,192.168.0.132,13.107.5.93,TLS,834
2025-05-01 17:33:14.555117,13.107.5.93,192.168.0.132,TLS,1514
2025-05-01 17:33:14.555121,13.107.5.93,192.168.0.132,TLS,1312
2025-05-01 17:33:14.555124,13.107.5.93,192.168.0.132,TLS,513
2025-05-01 17:33:14.555125,13.107.5.93,192.168.0.132,TLS,513
2025-05-01 17:33:14.555127,140.82.114.25,192.168.0.132,TLS,90
2025-05-01 17:33:14.556365,192.168.0.132,13.107.5.93,TLS,661
2025-05-01 17:33:14.556462,192.168.0.132,13.107.5.93,TLS,571
2025-05-01 17:33:14.561742,13.107.5.93,192.168.0.132,TLS,153
2025-05-01 17:33:14.561744,13.107.5.93,192.168.0.132,TLS,153
2025-05-01 17:33:14.561954,192.168.0.132,13.107.5.93,TLS,763
2025-05-01 17:33:14.562086,192.168.0.132,13.107.5.93,TLS,571
2025-05-01 17:33:14.562580,192.168.0.132,13.107.5.93,TLS,398
2025-05-01 17:33:14.562626,192.168.0.132,13.107.5.93,TLS,571
2025-05-01 17:33:14.563032,192.168.0.132,13.107.5.93,TLS,834
2025-05-01 17:33:14.570638,13.107.5.93,192.168.0.132,TLS,153
2025-05-01 17:33:14.570639,13.107.5.93,192.168.0.132,TLS,513
2025-05-01 17:33:14.571157,192.168.0.132,13.107.5.93,TLS,398
2025-05-01 17:33:14.578895,13.107.5.93,192.168.0.132,TLS,336
2025-05-01 17:33:14.579545,192.168.0.132,13.107.5.93,TLS,608
2025-05-01 17:33:14.589337,13.107.5.93,192.168.0.132,TLS,153
2025-05-01 17:33:14.589340,13.107.5.93,192.168.0.132,TLS,153
2025-05-01 17:33:14.589342,13.107.5.93,192.168.0.132,TLS,153
2025-05-01 17:33:14.589986,192.168.0.132,13.107.5.93,TLS,398
2025-05-01 17:33:14.590344,13.107.5.93,192.168.0.132,TLS,336
2025-05-01 17:33:14.590379,192.168.0.132,13.107.5.93,TLS,834
2025-05-01 17:33:14.590742,192.168.0.132,13.107.5.93,TLS,398
2025-05-01 17:33:14.591194,192.168.0.132,13.107.5.93,TLS,620
2025-05-01 17:33:14.591774,13.107.5.93,192.168.0.132,TLS,1514
2025-05-01 17:33:14.591778,13.107.5.93,192.168.0.132,TLS,1312
2025-05-01 17:33:14.592748,192.168.0.132,13.107.5.93,TLS,668
2025-05-01 17:33:14.592875,13.107.5.93,192.168.0.132,TLS,1514
2025-05-01 17:33:14.592879,13.107.5.93,192.168.0.132,TLS,1312
2025-05-01 17:33:14.593728,192.168.0.132,13.107.5.93,TLS,659
2025-05-01 17:33:14.601182,13.107.5.93,192.168.0.132,TLS,513
2025-05-01 17:33:14.601183,13.107.5.93,192.168.0.132,TLS,1514
2025-05-01 17:33:14.602085,13.107.5.93,192.168.0.132,TLS,1297
2025-05-01 17:33:14.602656,192.168.0.132,13.107.5.93,TLS,624
2025-05-01 17:33:14.602810,13.107.5.93,192.168.0.132,TLS,1514
2025-05-01 17:33:14.603075,13.107.5.93,192.168.0.132,TLS,1312
2025-05-01 17:33:14.603205,13.107.5.93,192.168.0.132,TLS,1514
2025-05-01 17:33:14.603207,13.107.5.93,192.168.0.132,TLS,1312
2025-05-01 17:33:14.603732,192.168.0.132,13.107.5.93,TLS,668
2025-05-01 17:33:14.604529,192.168.0.132,13.107.5.93,TLS,676
2025-05-01 17:33:14.607967,13.107.5.93,192.168.0.132,TLS,513
2025-05-01 17:33:14.615231,13.107.5.93,192.168.0.132,TLS,1514
2025-05-01 17:33:14.615849,13.107.5.93,192.168.0.132,TLS,73
2025-05-01 17:33:14.615850,13.107.5.93,192.168.0.132,TLS,826
2025-05-01 17:33:14.616171,13.107.5.93,192.168.0.132,TLS,513
2025-05-01 17:33:14.616192,192.168.0.132,13.107.5.93,TLS,78
2025-05-01 17:33:14.621172,13.107.5.93,192.168.0.132,TLS,513
2025-05-01 17:33:14.621174,13.107.5.93,192.168.0.132,TLS,513
2025-05-01 17:33:14.627242,13.107.5.93,192.168.0.132,TLS,1514
2025-05-01 17:33:14.627244,13.107.5.93,192.168.0.132,TLS,73
2025-05-01 17:33:14.627245,13.107.5.93,192.168.0.132,TLS,929
2025-05-01 17:33:14.627321,13.107.5.93,192.168.0.132,TLS,1513
2025-05-01 17:33:14.627603,13.107.5.93,192.168.0.132,TLS,1100
2025-05-01 17:33:14.627605,13.107.5.93,192.168.0.132,TLS,753
2025-05-01 17:33:14.627712,192.168.0.132,13.107.5.93,TLS,78
2025-05-01 17:33:14.664968,13.107.5.93,192.168.0.132,TLS,1514
2025-05-01 17:33:14.664970,13.107.5.93,192.168.0.132,TLS,55
2025-05-01 17:33:14.664972,13.107.5.93,192.168.0.132,TLS,751
2025-05-01 17:33:14.664973,13.107.5.93,192.168.0.132,TLS,1514
2025-05-01 17:33:14.664975,13.107.5.93,192.168.0.132,TLS,74
2025-05-01 17:33:14.664976,13.107.5.93,192.168.0.132,TLS,1100
2025-05-01 17:33:14.664978,13.107.5.93,192.168.0.132,TLS,210
2025-05-01 17:33:14.664983,13.107.5.93,192.168.0.132,TLS,508
2025-05-01 17:33:14.664984,13.107.5.93,192.168.0.132,TLS,1083
2025-05-01 17:33:14.664985,13.107.5.93,192.168.0.132,TLS,751
2025-05-01 17:33:14.665777,192.168.0.132,13.107.5.93,TLS,78
2025-05-01 17:33:14.686520,192.168.0.132,23.220.109.213,TLS,311
2025-05-01 17:33:14.686628,192.168.0.132,23.220.109.213,TLS,311
2025-05-01 17:33:14.730489,192.168.0.132,140.82.114.26,TLS,1490
2025-05-01 17:33:14.730495,192.168.0.132,140.82.114.26,TLS,499
2025-05-01 17:33:14.732116,23.220.109.213,192.168.0.132,TLS,1514
2025-05-01 17:33:14.732801,23.220.109.213,192.168.0.132,TLS,1514
2025-05-01 17:33:14.732967,23.220.109.213,192.168.0.132,TLS,1266
2025-05-01 17:33:14.733166,23.220.109.213,192.168.0.132,TLS,213
2025-05-01 17:33:14.733168,23.220.109.213,192.168.0.132,TLS,1266
2025-05-01 17:33:14.733169,23.220.109.213,192.168.0.132,TLS,213
2025-05-01 17:33:14.733851,192.168.0.132,23.220.109.213,TLS,306
2025-05-01 17:33:14.733854,192.168.0.132,23.220.109.213,TLS,306
2025-05-01 17:33:14.758087,23.220.109.213,192.168.0.132,TLS,337
2025-05-01 17:33:14.758340,23.220.109.213,192.168.0.132,TLS,337
2025-05-01 17:33:14.758462,23.220.109.213,192.168.0.132,TLS,580
2025-05-01 17:33:14.758665,192.168.0.132,23.220.109.213,TLS,90
2025-05-01 17:33:14.770077,140.82.114.26,192.168.0.132,TLS,1490
2025-05-01 17:33:14.770081,140.82.114.26,192.168.0.132,TLS,712
2025-05-01 17:33:14.770095,23.220.109.213,192.168.0.132,TLS,90
2025-05-01 17:33:14.770569,192.168.0.132,140.82.114.26,TLS,130
2025-05-01 17:33:14.771118,192.168.0.132,140.82.114.26,TLS,1490
2025-05-01 17:33:14.771124,192.168.0.132,140.82.114.26,TLS,119
2025-05-01 17:33:14.789908,23.220.109.213,192.168.0.132,TLS,337
2025-05-01 17:33:14.789909,23.220.109.213,192.168.0.132,TLS,337
2025-05-01 17:33:14.789913,23.220.109.213,192.168.0.132,TLS,580
2025-05-01 17:33:14.790756,23.220.109.213,192.168.0.132,TLS,90
2025-05-01 17:33:14.793413,192.168.0.132,23.220.109.213,TLS,90
2025-05-01 17:33:14.807203,140.82.114.26,192.168.0.132,TLS,145
2025-05-01 17:33:14.807204,140.82.114.26,192.168.0.132,TLS,145
2025-05-01 17:33:14.812290,140.82.114.26,192.168.0.132,TLS,627
2025-05-01 17:33:14.813326,192.168.0.132,140.82.114.26,TLS,270
2025-05-01 17:33:14.820685,192.168.0.132,23.216.5.136,TLS,659
2025-05-01 17:33:14.820729,192.168.0.132,23.216.5.136,TLS,659
2025-05-01 17:33:14.839212,23.216.5.136,192.168.0.132,TLS,321
2025-05-01 17:33:14.839371,23.216.5.136,192.168.0.132,TLS,321
2025-05-01 17:33:14.839542,192.168.0.132,23.216.5.136,TLS,324
2025-05-01 17:33:14.839575,192.168.0.132,23.216.5.136,TLS,324
2025-05-01 17:33:14.904173,140.82.114.26,192.168.0.132,TLS,139
2025-05-01 17:33:14.914151,13.107.5.93,192.168.0.132,TLS,1514
2025-05-01 17:33:14.914153,13.107.5.93,192.168.0.132,TLS,55
2025-05-01 17:33:14.914154,13.107.5.93,192.168.0.132,TLS,1100
2025-05-01 17:33:14.914155,13.107.5.93,192.168.0.132,TLS,690
2025-05-01 17:33:14.928239,23.216.5.136,192.168.0.132,TLS,369
2025-05-01 17:33:14.928241,23.216.5.136,192.168.0.132,TLS,369
2025-05-01 17:33:14.928242,23.216.5.136,192.168.0.132,TLS,1502
2025-05-01 17:33:14.930619,23.216.5.136,192.168.0.132,TLS,101
2025-05-01 17:33:14.930620,23.216.5.136,192.168.0.132,TLS,1514
2025-05-01 17:33:14.930621,23.216.5.136,192.168.0.132,TLS,88
2025-05-01 17:33:14.930622,23.216.5.136,192.168.0.132,TLS,90
2025-05-01 17:33:14.930624,23.216.5.136,192.168.0.132,TLS,90
2025-05-01 17:33:14.930894,192.168.0.132,23.216.5.136,TLS,90
2025-05-01 17:33:14.930916,192.168.0.132,23.216.5.136,TLS,90
2025-05-01 17:33:14.968101,13.107.5.93,192.168.0.132,TLS,1514
2025-05-01 17:33:14.968103,13.107.5.93,192.168.0.132,TLS,55
2025-05-01 17:33:14.968538,13.107.5.93,192.168.0.132,TLS,1100
2025-05-01 17:33:14.968540,13.107.5.93,192.168.0.132,TLS,753
2025-05-01 17:33:14.992716,13.107.5.93,192.168.0.132,TLS,1514
2025-05-01 17:33:14.992718,13.107.5.93,192.168.0.132,TLS,1100
2025-05-01 17:33:14.992720,13.107.5.93,192.168.0.132,TLS,1100
2025-05-01 17:33:14.992722,13.107.5.93,192.168.0.132,TLS,665
2025-05-01 17:33:15.224141,13.107.5.93,192.168.0.132,TLS,1514
2025-05-01 17:33:15.224143,13.107.5.93,192.168.0.132,TLS,55
2025-05-01 17:33:15.224144,13.107.5.93,192.168.0.132,TLS,751
2025-05-01 17:33:16.253490,192.168.0.132,13.107.5.93,TLS,571
2025-05-01 17:33:16.253758,192.168.0.132,13.107.5.93,TLS,571
2025-05-01 17:33:16.260883,13.107.5.93,192.168.0.132,TLS,153
2025-05-01 17:33:16.262587,13.107.5.93,192.168.0.132,TLS,153
2025-05-01 17:33:16.263660,192.168.0.132,13.107.5.93,TLS,398
2025-05-01 17:33:16.265046,192.168.0.132,13.107.5.93,TLS,398
2025-05-01 17:33:16.273773,13.107.5.93,192.168.0.132,TLS,1514
2025-05-01 17:33:16.273778,13.107.5.93,192.168.0.132,TLS,1312
2025-05-01 17:33:16.278567,192.168.0.132,13.107.5.93,TLS,668
2025-05-01 17:33:16.304521,13.107.5.93,192.168.0.132,TLS,513
2025-05-01 17:33:16.304675,13.107.5.93,192.168.0.132,TLS,1514
2025-05-01 17:33:16.304787,13.107.5.93,192.168.0.132,TLS,1312
2025-05-01 17:33:16.309042,192.168.0.132,13.107.5.93,TLS,676
2025-05-01 17:33:16.398844,13.107.5.93,192.168.0.132,TLS,1513
2025-05-01 17:33:16.406587,13.107.5.93,192.168.0.132,TLS,751
2025-05-01 17:33:16.409376,13.107.5.93,192.168.0.132,TLS,513
2025-05-01 17:33:16.463540,13.107.5.93,192.168.0.132,TLS,1513
2025-05-01 17:33:16.463813,13.107.5.93,192.168.0.132,TLS,751
2025-05-01 17:33:19.704077,208.103.161.2,192.168.0.132,TLS,91
2025-05-01 17:33:19.704622,192.168.0.132,208.103.161.2,TLS,95
2025-05-01 17:33:22.171727,146.75.78.137,192.168.0.132,TLS,117
2025-05-01 17:33:22.172509,146.75.78.137,192.168.0.132,TLS,90
2025-05-01 17:33:22.996588,150.171.22.12,192.168.0.132,TLS,108
2025-05-01 17:33:22.997959,192.168.0.132,150.171.22.12,TLS,89
2025-05-01 17:33:22.997972,192.168.0.132,150.171.22.12,TLS,89
2025-05-01 17:33:25.224525,192.168.0.132,142.250.191.110,QUIC,1292
2025-05-01 17:33:25.224527,192.168.0.132,142.250.191.110,QUIC,1292
2025-05-01 17:33:25.253205,142.250.191.110,192.168.0.132,QUIC,1292
2025-05-01 17:33:26.269644,192.168.0.132,172.66.0.227,TLS,261
2025-05-01 17:33:26.269667,192.168.0.132,172.66.0.227,TLS,105
2025-05-01 17:33:26.281931,172.66.0.227,192.168.0.132,TLS,105
2025-05-01 17:33:26.332752,172.66.0.227,192.168.0.132,TLS,256
2025-05-01 17:33:26.332753,172.66.0.227,192.168.0.132,TLS,208
2025-05-01 17:33:26.333209,192.168.0.132,172.66.0.227,TLS,101
2025-05-01 17:33:26.755011,208.103.161.2,192.168.0.132,TLS,120
2025-05-01 17:33:26.755401,192.168.0.132,208.103.161.2,TLS,124
2025-05-01 17:33:30.076890,192.168.0.132,35.186.224.30,TLS,109
2025-05-01 17:33:30.186295,35.186.224.30,192.168.0.132,TLS,106
2025-05-01 17:33:30.695665,17.57.144.247,192.168.0.132,TLS,535
2025-05-01 17:33:30.702457,192.168.0.132,17.57.144.247,TLS,98
2025-05-01 17:33:30.967281,192.168.0.132,17.57.144.247,TLS,1514
2025-05-01 17:33:30.967294,192.168.0.132,17.57.144.247,TLS,362
2025-05-01 17:33:30.968616,192.168.0.132,17.57.144.247,TLS,1444
2025-05-01 17:33:30.982085,17.57.144.247,192.168.0.132,TLS,820
2025-05-01 17:33:30.998084,17.57.144.247,192.168.0.132,TLS,106
2025-05-01 17:33:31.005326,192.168.0.132,17.57.144.247,TLS,98
2025-05-01 17:33:31.014282,192.168.0.132,17.57.144.247,TLS,1514
2025-05-01 17:33:31.014297,192.168.0.132,17.57.144.247,TLS,362
2025-05-01 17:33:32.043871,192.168.0.132,173.194.133.198,QUIC,1292
2025-05-01 17:33:32.043874,192.168.0.132,173.194.133.198,QUIC,1292
2025-05-01 17:33:32.058005,173.194.133.198,192.168.0.132,QUIC,1292
2025-05-01 17:33:33.245650,192.0.66.114,192.168.0.132,TLS,93
2025-05-01 17:33:33.248493,192.0.66.114,192.168.0.132,TLS,78
2025-05-01 17:33:35.015999,192.168.0.132,104.18.8.59,TLS,132
2025-05-01 17:33:35.016028,192.168.0.132,104.18.8.59,TLS,105
2025-05-01 17:33:35.042701,104.18.8.59,192.168.0.132,TLS,105
2025-05-01 17:33:35.266097,104.18.8.59,192.168.0.132,TLS,148
2025-05-01 17:33:35.266099,104.18.8.59,192.168.0.132,TLS,354
2025-05-01 17:33:35.266100,104.18.8.59,192.168.0.132,TLS,97
2025-05-01 17:33:35.266852,192.168.0.132,104.18.8.59,TLS,101
2025-05-01 17:33:35.268955,192.168.0.132,150.171.22.12,TLS,1494
2025-05-01 17:33:35.335109,192.168.0.132,150.171.22.12,TLS,308
2025-05-01 17:33:35.409823,150.171.22.12,192.168.0.132,TLS,93
2025-05-01 17:33:35.662017,150.171.22.12,192.168.0.132,TLS,1514
2025-05-01 17:33:35.666610,150.171.22.12,192.168.0.132,TLS,1421
2025-05-01 17:33:35.666613,150.171.22.12,192.168.0.132,TLS,1514
2025-05-01 17:33:35.666617,150.171.22.12,192.168.0.132,TLS,979
2025-05-01 17:33:35.666619,150.171.22.12,192.168.0.132,TLS,1514
2025-05-01 17:33:35.666626,150.171.22.12,192.168.0.132,TLS,1261
2025-05-01 17:33:35.666629,150.171.22.12,192.168.0.132,TLS,1355
2025-05-01 17:33:35.666631,150.171.22.12,192.168.0.132,TLS,85
2025-05-01 17:33:35.667352,192.168.0.132,150.171.22.12,TLS,89
2025-05-01 17:33:35.669329,192.168.0.132,104.18.8.59,TLS,140
2025-05-01 17:33:35.669367,192.168.0.132,104.18.8.59,TLS,1454
2025-05-01 17:33:35.688111,104.18.8.59,192.168.0.132,TLS,101
2025-05-01 17:33:35.698486,192.168.0.132,104.18.8.59,TLS,1454
2025-05-01 17:33:35.706791,104.18.8.59,192.168.0.132,TLS,101
2025-05-01 17:33:35.713271,192.168.0.132,104.18.8.59,TLS,1454
2025-05-01 17:33:35.720179,104.18.8.59,192.168.0.132,TLS,101
2025-05-01 17:33:35.726672,192.168.0.132,104.18.8.59,TLS,1454
2025-05-01 17:33:35.753026,104.18.8.59,192.168.0.132,TLS,101
2025-05-01 17:33:35.766799,192.168.0.132,104.18.8.59,TLS,1454
2025-05-01 17:33:35.781764,104.18.8.59,192.168.0.132,TLS,101
2025-05-01 17:33:35.790082,192.168.0.132,104.18.8.59,TLS,1454
2025-05-01 17:33:35.793397,192.168.0.132,104.18.8.59,TLS,951
2025-05-01 17:33:35.807193,104.18.8.59,192.168.0.132,TLS,101
2025-05-01 17:33:36.214716,52.205.53.209,192.168.0.132,TLS,112
2025-05-01 17:33:36.214717,52.205.53.209,192.168.0.132,TLS,97
2025-05-01 17:33:36.270621,104.18.8.59,192.168.0.132,TLS,148
2025-05-01 17:33:37.966562,150.171.22.12,192.168.0.132,TLS,93
2025-05-01 17:33:37.967955,192.168.0.132,150.171.22.12,TLS,89
2025-05-01 17:33:37.967977,192.168.0.132,150.171.22.12,TLS,89
2025-05-01 17:33:39.315054,192.168.0.132,13.107.246.51,TLS,1464
2025-05-01 17:33:39.315075,192.168.0.132,13.107.246.51,TLS,700
2025-05-01 17:33:39.409519,13.107.246.51,192.168.0.132,TLS,165
2025-05-01 17:33:39.409797,192.168.0.132,13.107.246.51,TLS,912
2025-05-01 17:33:39.456322,13.107.246.51,192.168.0.132,TLS,347
2025-05-01 17:33:39.456755,192.168.0.132,13.107.246.51,TLS,140
2025-05-01 17:33:39.456843,192.168.0.132,13.107.246.51,TLS,158
2025-05-01 17:33:39.456957,192.168.0.132,13.107.246.51,TLS,342
2025-05-01 17:33:39.506108,13.107.246.51,192.168.0.132,TLS,137
2025-05-01 17:33:39.506335,192.168.0.132,13.107.246.51,TLS,97
2025-05-01 17:33:39.506497,13.107.246.51,192.168.0.132,TLS,1464
2025-05-01 17:33:39.537432,13.107.246.51,192.168.0.132,TLS,1464
2025-05-01 17:33:39.542809,13.107.246.51,192.168.0.132,TLS,1464
2025-05-01 17:33:39.596365,13.107.246.51,192.168.0.132,TLS,1464
2025-05-01 17:33:39.597051,13.107.246.51,192.168.0.132,TLS,1138
2025-05-01 17:33:39.684551,192.168.0.132,142.250.191.174,QUIC,1292
2025-05-01 17:33:39.684555,192.168.0.132,142.250.191.174,QUIC,1292
2025-05-01 17:33:39.754506,142.250.191.174,192.168.0.132,QUIC,1292
2025-05-01 17:33:41.014019,192.168.0.132,35.186.224.30,TLS,98
2025-05-01 17:33:41.047245,35.186.224.30,192.168.0.132,TLS,94
2025-05-01 17:33:41.670423,192.168.0.132,216.171.1.168,QUIC,1292
2025-05-01 17:33:41.670445,192.168.0.132,216.171.1.168,QUIC,1292
2025-05-01 17:33:41.756817,216.171.1.168,192.168.0.132,QUIC,1292
2025-05-01 17:33:44.786693,208.103.161.2,192.168.0.132,TLS,91
2025-05-01 17:33:44.787017,192.168.0.132,208.103.161.2,TLS,95
2025-05-01 17:33:45.227062,192.168.0.132,142.250.191.206,QUIC,1292
2025-05-01 17:33:45.227066,192.168.0.132,142.250.191.206,QUIC,1292
2025-05-01 17:33:45.250032,142.250.191.206,192.168.0.132,QUIC,1292
2025-05-01 17:33:50.569827,192.168.0.132,142.250.191.97,QUIC,1292
2025-05-01 17:33:50.569830,192.168.0.132,142.250.191.97,QUIC,1292
2025-05-01 17:33:50.629911,142.250.191.97,192.168.0.132,QUIC,1292
2025-05-01 17:33:51.080787,192.168.0.132,74.125.161.71,QUIC,1292
2025-05-01 17:33:51.080790,192.168.0.132,74.125.161.71,QUIC,1292
2025-05-01 17:33:51.109050,74.125.161.71,192.168.0.132,QUIC,1292
2025-05-01 17:33:53.023259,150.171.22.12,192.168.0.132,TLS,93
2025-05-01 17:33:53.024648,192.168.0.132,150.171.22.12,TLS,89
2025-05-01 17:33:53.024675,192.168.0.132,150.171.22.12,TLS,89
2025-05-01 17:33:54.949497,192.168.0.132,173.194.54.6,QUIC,1292
2025-05-01 17:33:54.949501,192.168.0.132,173.194.54.6,QUIC,1292
2025-05-01 17:33:54.960364,173.194.54.6,192.168.0.132,QUIC,1292
2025-05-01 17:33:55.556663,146.75.77.140,192.168.0.132,TLS,117
2025-05-01 17:33:55.556665,146.75.77.140,192.168.0.132,TLS,90
2025-05-01 17:33:56.214043,192.168.0.132,142.250.190.14,QUIC,1292
2025-05-01 17:33:56.214046,192.168.0.132,142.250.190.14,QUIC,1292
2025-05-01 17:33:56.268165,192.168.0.132,172.66.0.227,TLS,601
2025-05-01 17:33:56.268193,192.168.0.132,172.66.0.227,TLS,105
2025-05-01 17:33:56.278698,142.250.190.14,192.168.0.132,QUIC,1292
2025-05-01 17:33:56.287573,172.66.0.227,192.168.0.132,TLS,105
2025-05-01 17:33:56.340951,172.66.0.227,192.168.0.132,TLS,252
2025-05-01 17:33:56.341504,172.66.0.227,192.168.0.132,TLS,177
2025-05-01 17:33:56.341506,172.66.0.227,192.168.0.132,TLS,97
2025-05-01 17:33:56.341796,192.168.0.132,172.66.0.227,TLS,101
2025-05-01 17:33:56.788218,208.103.161.2,192.168.0.132,TLS,120
2025-05-01 17:33:56.788777,192.168.0.132,208.103.161.2,TLS,124
2025-05-01 17:33:58.617030,192.168.0.132,35.186.224.24,QUIC,1292
2025-05-01 17:33:58.651504,35.186.224.24,192.168.0.132,QUIC,1292
2025-05-01 17:34:00.187825,192.168.0.132,104.22.15.220,TLS,128
2025-05-01 17:34:00.187955,192.168.0.132,104.22.15.220,TLS,105
2025-05-01 17:34:00.188981,192.168.0.132,35.186.224.30,TLS,109
2025-05-01 17:34:00.191001,192.168.0.132,54.237.101.206,TLS,1514
2025-05-01 17:34:00.191008,192.168.0.132,54.237.101.206,TLS,349
2025-05-01 17:34:00.197684,104.22.15.220,192.168.0.132,TLS,105
2025-05-01 17:34:00.222690,35.186.224.30,192.168.0.132,TLS,106
2025-05-01 17:34:00.224442,54.237.101.206,192.168.0.132,TLS,1514
2025-05-01 17:34:00.227411,54.237.101.206,192.168.0.132,TLS,1450
2025-05-01 17:34:00.227736,192.168.0.132,54.237.101.206,TLS,192
2025-05-01 17:34:00.238464,104.22.15.220,192.168.0.132,TLS,144
2025-05-01 17:34:00.254375,54.237.101.206,192.168.0.132,TLS,117
2025-05-01 17:34:00.254748,192.168.0.132,54.237.101.206,TLS,1514
2025-05-01 17:34:00.254755,192.168.0.132,54.237.101.206,TLS,575
2025-05-01 17:34:00.254768,192.168.0.132,54.237.101.206,TLS,812
2025-05-01 17:34:00.310530,54.237.101.206,192.168.0.132,TLS,223
2025-05-01 17:34:01.787988,108.156.107.93,192.168.0.132,TLS,105
2025-05-01 17:34:02.083995,192.168.0.132,142.250.190.129,QUIC,1292
2025-05-01 17:34:02.083996,192.168.0.132,142.250.190.129,QUIC,1292
2025-05-01 17:34:02.136895,142.250.190.129,192.168.0.132,QUIC,1292
2025-05-01 17:34:05.238999,192.168.0.132,150.171.22.12,TLS,566
2025-05-01 17:34:05.239018,192.168.0.132,150.171.22.12,TLS,339
2025-05-01 17:34:05.239033,192.168.0.132,150.171.22.12,TLS,93
2025-05-01 17:34:05.239039,192.168.0.132,150.171.22.12,TLS,416
2025-05-01 17:34:05.406496,150.171.22.12,192.168.0.132,TLS,93
2025-05-01 17:34:05.479569,150.171.22.12,192.168.0.132,TLS,233
2025-05-01 17:34:07.973375,150.171.22.12,192.168.0.132,TLS,93
2025-05-01 17:34:07.974783,192.168.0.132,150.171.22.12,TLS,89
2025-05-01 17:34:07.974808,192.168.0.132,150.171.22.12,TLS,89
2025-05-01 17:34:08.265154,192.168.0.132,192.168.0.201,HTTP,372
2025-05-01 17:34:08.285545,192.168.0.201,192.168.0.132,XML,965
2025-05-01 17:34:09.400149,146.75.76.159,192.168.0.132,TLS,124
2025-05-01 17:34:09.400610,146.75.76.159,192.168.0.132,TLS,97
2025-05-01 17:34:09.867515,208.103.161.2,192.168.0.132,TLS,91
2025-05-01 17:34:09.867930,192.168.0.132,208.103.161.2,TLS,95
2025-05-01 17:34:11.014015,192.168.0.132,35.186.224.30,TLS,98
2025-05-01 17:34:11.061767,35.186.224.30,192.168.0.132,TLS,94
2025-05-01 17:34:11.205745,54.237.101.206,192.168.0.132,TLS,97
2025-05-01 17:34:13.083751,192.168.0.132,142.250.191.228,QUIC,1292
2025-05-01 17:34:13.147834,142.250.191.228,192.168.0.132,QUIC,1292
2025-05-01 17:34:14.802952,140.82.114.26,192.168.0.132,TLS,91
2025-05-01 17:34:14.803169,192.168.0.132,140.82.114.26,TLS,95
2025-05-01 17:34:18.574117,17.57.144.247,192.168.0.132,TLS,628
2025-05-01 17:34:18.579089,192.168.0.132,17.57.144.247,TLS,98
2025-05-01 17:34:18.837942,17.57.144.247,192.168.0.132,TLS,812
2025-05-01 17:34:18.838378,192.168.0.132,17.57.144.247,TLS,1514
2025-05-01 17:34:18.838384,192.168.0.132,17.57.144.247,TLS,362
2025-05-01 17:34:18.856929,192.168.0.132,17.57.144.247,TLS,98
2025-05-01 17:34:18.859951,192.168.0.132,17.57.144.247,TLS,186
2025-05-01 17:34:18.923637,17.57.144.247,192.168.0.132,TLS,106
2025-05-01 17:34:18.925708,192.168.0.132,17.57.144.247,TLS,1514
2025-05-01 17:34:18.925722,192.168.0.132,17.57.144.247,TLS,362
2025-05-01 17:34:20.926741,192.168.0.132,142.250.190.35,QUIC,1292
2025-05-01 17:34:20.926770,192.168.0.132,142.250.190.35,QUIC,1292
2025-05-01 17:34:20.951228,142.250.190.35,192.168.0.132,QUIC,1292
2025-05-01 17:34:23.221127,150.171.22.12,192.168.0.132,TLS,93
2025-05-01 17:34:23.222426,192.168.0.132,150.171.22.12,TLS,89
2025-05-01 17:34:23.222469,192.168.0.132,150.171.22.12,TLS,89
2025-05-01 17:34:24.405030,192.168.0.132,172.217.5.3,QUIC,1292
2025-05-01 17:34:24.405034,192.168.0.132,172.217.5.3,QUIC,1292
2025-05-01 17:34:24.431385,172.217.5.3,192.168.0.132,QUIC,1292
2025-05-01 17:34:25.117998,17.57.144.247,192.168.0.132,TLS,793
2025-05-01 17:34:25.141747,192.168.0.132,17.57.144.247,TLS,98
2025-05-01 17:34:26.269058,192.168.0.132,172.66.0.227,TLS,261
2025-05-01 17:34:26.269087,192.168.0.132,172.66.0.227,TLS,105
2025-05-01 17:34:26.297766,172.66.0.227,192.168.0.132,TLS,105
2025-05-01 17:34:26.403789,172.66.0.227,192.168.0.132,TLS,297
2025-05-01 17:34:26.403790,172.66.0.227,192.168.0.132,TLS,177
2025-05-01 17:34:26.404220,172.66.0.227,192.168.0.132,TLS,97
2025-05-01 17:34:26.404457,192.168.0.132,172.66.0.227,TLS,101
2025-05-01 17:34:26.791246,208.103.161.2,192.168.0.132,TLS,120
2025-05-01 17:34:26.791708,192.168.0.132,208.103.161.2,TLS,124
2025-05-01 17:34:27.296122,192.168.0.132,192.17.88.30,TLS,583
2025-05-01 17:34:27.306208,192.17.88.30,192.168.0.132,TLS,1514
2025-05-01 17:34:27.314256,192.17.88.30,192.168.0.132,TLS,1184
2025-05-01 17:34:27.315519,192.168.0.132,192.17.88.30,TLS,664
2025-05-01 17:34:27.335625,192.17.88.30,192.168.0.132,TLS,141
2025-05-01 17:34:27.336016,192.168.0.132,192.17.88.30,TLS,327
2025-05-01 17:34:27.342572,192.17.88.30,192.168.0.132,TLS,759
2025-05-01 17:34:30.223802,192.168.0.132,35.186.224.30,TLS,109
2025-05-01 17:34:30.257698,35.186.224.30,192.168.0.132,TLS,106
2025-05-01 17:34:31.220179,17.57.144.247,192.168.0.132,TLS,659
2025-05-01 17:34:31.224466,192.168.0.132,17.57.144.247,TLS,98
2025-05-01 17:34:31.264306,17.57.144.247,192.168.0.132,TLS,1514
2025-05-01 17:34:31.408376,17.57.144.247,192.168.0.132,TLS,293
2025-05-01 17:34:31.409482,192.168.0.132,17.57.144.247,TLS,98
2025-05-01 17:34:31.458947,192.168.0.132,17.57.144.247,TLS,1514
2025-05-01 17:34:31.458962,192.168.0.132,17.57.144.247,TLS,362
2025-05-01 17:34:31.460417,192.168.0.132,17.57.144.247,TLS,185
2025-05-01 17:34:31.469864,17.57.144.247,192.168.0.132,TLS,106
2025-05-01 17:34:31.472199,192.168.0.132,17.57.144.247,TLS,1514
2025-05-01 17:34:31.472215,192.168.0.132,17.57.144.247,TLS,362
2025-05-01 17:34:34.944837,208.103.161.2,192.168.0.132,TLS,91
2025-05-01 17:34:34.945144,192.168.0.132,208.103.161.2,TLS,95
2025-05-01 17:34:37.497748,17.57.144.247,192.168.0.132,TLS,1514
2025-05-01 17:34:37.497750,17.57.144.247,192.168.0.132,TLS,273
2025-05-01 17:34:37.501272,192.168.0.132,17.57.144.247,TLS,98
2025-05-01 17:34:37.647152,192.168.0.132,17.57.144.247,TLS,1514
2025-05-01 17:34:37.647170,192.168.0.132,17.57.144.247,TLS,362
2025-05-01 17:34:37.648988,192.168.0.132,17.57.144.247,TLS,186
2025-05-01 17:34:37.712872,17.57.144.247,192.168.0.132,TLS,106
2025-05-01 17:34:37.714919,192.168.0.132,17.57.144.247,TLS,1514
2025-05-01 17:34:37.714926,192.168.0.132,17.57.144.247,TLS,362
2025-05-01 17:34:37.978502,150.171.22.12,192.168.0.132,TLS,93
2025-05-01 17:34:37.980117,192.168.0.132,150.171.22.12,TLS,89
2025-05-01 17:34:37.980142,192.168.0.132,150.171.22.12,TLS,89
2025-05-01 17:34:41.013949,192.168.0.132,35.186.224.30,TLS,98
2025-05-01 17:34:41.053044,35.186.224.30,192.168.0.132,TLS,94
2025-05-01 17:34:43.832388,192.168.0.132,17.248.210.70,QUIC,1242
2025-05-01 17:34:43.850671,192.168.0.132,17.248.168.210,QUIC,1392
2025-05-01 17:34:43.855185,192.168.0.132,17.248.168.103,QUIC,1392
2025-05-01 17:34:43.860350,17.248.168.210,192.168.0.132,QUIC,1242
2025-05-01 17:34:43.871414,17.248.168.103,192.168.0.132,QUIC,1242
2025-05-01 17:34:44.099447,192.168.0.132,17.248.207.68,QUIC,1242
2025-05-01 17:34:44.101097,192.168.0.132,17.57.144.247,TLS,1514
2025-05-01 17:34:44.101139,192.168.0.132,17.57.144.247,TLS,362
2025-05-01 17:34:44.103514,192.168.0.132,17.57.144.247,TLS,159
2025-05-01 17:34:44.146620,17.57.144.247,192.168.0.132,TLS,106
2025-05-01 17:34:44.183657,192.168.0.132,17.253.27.215,TLS,583
2025-05-01 17:34:44.193736,17.253.27.215,192.168.0.132,TLS,1514
2025-05-01 17:34:44.194584,192.168.0.132,17.57.144.247,TLS,1514
2025-05-01 17:34:44.194599,192.168.0.132,17.57.144.247,TLS,362
2025-05-01 17:34:44.199352,17.253.27.215,192.168.0.132,TLS,1334
2025-05-01 17:34:44.203811,192.168.0.132,17.253.27.215,TLS,130
2025-05-01 17:34:44.204904,192.168.0.132,17.253.27.215,TLS,509
2025-05-01 17:34:44.205740,192.168.0.132,17.253.27.215,TLS,1042
2025-05-01 17:34:44.215617,17.253.27.215,192.168.0.132,TLS,568
2025-05-01 17:34:44.216233,192.168.0.132,17.253.27.215,TLS,97
2025-05-01 17:34:44.254583,17.253.27.215,192.168.0.132,TLS,1181
2025-05-01 17:34:44.295147,192.168.0.132,17.57.144.247,TLS,1514
2025-05-01 17:34:44.295218,192.168.0.132,17.57.144.247,TLS,362
2025-05-01 17:34:44.306222,192.168.0.132,17.57.144.247,TLS,1514
2025-05-01 17:34:44.306261,192.168.0.132,17.57.144.247,TLS,862
2025-05-01 17:34:44.361370,17.57.144.247,192.168.0.132,TLS,106
2025-05-01 17:34:44.828401,146.75.76.159,192.168.0.132,TLS,124
2025-05-01 17:34:44.828639,146.75.76.159,192.168.0.132,TLS,97
2025-05-01 17:34:44.847752,192.168.0.132,17.248.207.68,QUIC,1242
2025-05-01 17:34:44.870213,192.168.0.132,17.248.207.68,TLS,583
2025-05-01 17:34:44.875973,192.168.0.132,17.248.207.65,QUIC,1242
2025-05-01 17:34:44.877755,17.248.207.68,192.168.0.132,TLS,1514
2025-05-01 17:34:44.878644,17.248.207.68,192.168.0.132,TLS,757
2025-05-01 17:34:44.891641,192.168.0.132,17.248.207.68,TLS,146
2025-05-01 17:34:44.893569,192.168.0.132,17.248.207.68,TLS,952
2025-05-01 17:34:44.893870,192.168.0.132,17.248.207.68,TLS,641
2025-05-01 17:34:44.901911,17.248.207.68,192.168.0.132,TLS,369
2025-05-01 17:34:44.902376,17.248.207.68,192.168.0.132,TLS,369
2025-05-01 17:34:44.902380,17.248.207.68,192.168.0.132,TLS,128
2025-05-01 17:34:44.902384,17.248.207.68,192.168.0.132,TLS,97
2025-05-01 17:34:44.903163,192.168.0.132,17.248.207.68,TLS,97
2025-05-01 17:34:45.004989,17.57.144.247,192.168.0.132,TLS,1514
2025-05-01 17:34:45.013491,17.57.144.247,192.168.0.132,TLS,273
2025-05-01 17:34:45.013497,17.57.144.247,192.168.0.132,TLS,1514
2025-05-01 17:34:45.023280,192.168.0.132,17.57.144.247,TLS,98
2025-05-01 17:34:45.034108,17.57.144.247,192.168.0.132,TLS,915
2025-05-01 17:34:45.044650,192.168.0.132,17.57.144.247,TLS,98
2025-05-01 17:34:45.073443,192.168.0.132,17.57.144.247,TLS,1514
2025-05-01 17:34:45.073485,192.168.0.132,17.57.144.247,TLS,362
2025-05-01 17:34:45.118457,192.168.0.132,17.248.207.65,QUIC,1242
2025-05-01 17:34:45.130765,17.248.207.68,192.168.0.132,TLS,1242
2025-05-01 17:34:45.133330,192.168.0.132,17.248.207.68,TLS,583
2025-05-01 17:34:45.136923,192.168.0.132,17.248.207.68,TLS,105
2025-05-01 17:34:45.137092,192.168.0.132,17.248.207.68,TLS,90
2025-05-01 17:34:45.141949,17.248.207.68,192.168.0.132,TLS,1514
2025-05-01 17:34:45.142654,17.248.207.68,192.168.0.132,TLS,757
2025-05-01 17:34:45.153105,192.168.0.132,17.248.207.68,TLS,146
2025-05-01 17:34:45.154266,192.168.0.132,17.248.207.68,TLS,952
2025-05-01 17:34:45.155294,192.168.0.132,17.248.207.68,TLS,927
2025-05-01 17:34:45.159928,17.248.207.68,192.168.0.132,TLS,369
2025-05-01 17:34:45.160718,17.248.207.68,192.168.0.132,TLS,369
2025-05-01 17:34:45.160720,17.248.207.68,192.168.0.132,TLS,128
2025-05-01 17:34:45.161522,192.168.0.132,17.248.207.68,TLS,97
2025-05-01 17:34:45.174232,17.248.207.68,192.168.0.132,TLS,97
2025-05-01 17:34:45.199759,192.168.0.132,17.57.144.247,TLS,1514
2025-05-01 17:34:45.199777,192.168.0.132,17.57.144.247,TLS,362
2025-05-01 17:34:45.201913,192.168.0.132,17.57.144.247,TLS,157
2025-05-01 17:34:45.203094,192.168.0.132,17.57.144.247,TLS,173
2025-05-01 17:34:45.224006,17.57.144.247,192.168.0.132,TLS,106
2025-05-01 17:34:45.224007,17.57.144.247,192.168.0.132,TLS,106
2025-05-01 17:34:45.226999,192.168.0.132,17.138.175.254,TLS,583
2025-05-01 17:34:45.230628,192.168.0.132,17.57.144.247,TLS,1514
2025-05-01 17:34:45.230643,192.168.0.132,17.57.144.247,TLS,362
2025-05-01 17:34:45.238442,192.168.0.132,142.250.191.234,QUIC,1292
2025-05-01 17:34:45.238446,192.168.0.132,142.250.191.234,QUIC,1292
2025-05-01 17:34:45.238447,192.168.0.132,142.250.191.234,QUIC,1292
2025-05-01 17:34:45.266177,17.248.207.68,192.168.0.132,TLS,1514
2025-05-01 17:34:45.266724,192.168.0.132,142.250.190.14,QUIC,1292
2025-05-01 17:34:45.266726,192.168.0.132,142.250.190.14,QUIC,1292
2025-05-01 17:34:45.282564,17.248.207.68,192.168.0.132,TLS,578
2025-05-01 17:34:45.282574,142.250.191.234,192.168.0.132,QUIC,1292
2025-05-01 17:34:45.284054,192.168.0.132,17.248.207.68,TLS,105
2025-05-01 17:34:45.284352,192.168.0.132,17.248.207.68,TLS,90
2025-05-01 17:34:45.286255,17.138.175.254,192.168.0.132,TLS,1514
2025-05-01 17:34:45.289321,17.138.175.254,192.168.0.132,TLS,1499
2025-05-01 17:34:45.294856,192.168.0.132,17.138.175.254,TLS,146
2025-05-01 17:34:45.295054,142.250.190.14,192.168.0.132,QUIC,1292
2025-05-01 17:34:45.295464,192.168.0.132,17.138.175.254,TLS,1478
2025-05-01 17:34:45.295473,192.168.0.132,17.138.175.254,TLS,804
2025-05-01 17:34:45.295738,192.168.0.132,17.138.175.254,TLS,124
2025-05-01 17:34:45.378910,17.138.175.254,192.168.0.132,TLS,337
2025-05-01 17:34:45.378913,17.138.175.254,192.168.0.132,TLS,337
2025-05-01 17:34:45.378914,17.138.175.254,192.168.0.132,TLS,150
2025-05-01 17:34:45.381008,192.168.0.132,17.138.175.254,TLS,97
2025-05-01 17:34:45.419376,17.138.175.254,192.168.0.132,TLS,1514
2025-05-01 17:34:45.420563,17.138.175.254,192.168.0.132,TLS,163
2025-05-01 17:34:45.420565,17.138.175.254,192.168.0.132,TLS,97
2025-05-01 17:34:48.559474,17.57.144.247,192.168.0.132,TLS,743
2025-05-01 17:34:48.562874,192.168.0.132,17.57.144.247,TLS,98
2025-05-01 17:34:48.687869,192.168.0.132,17.57.144.247,TLS,1514
2025-05-01 17:34:48.687885,192.168.0.132,17.57.144.247,TLS,362
2025-05-01 17:34:48.691876,192.168.0.132,17.57.144.247,TLS,162
2025-05-01 17:34:48.770660,17.57.144.247,192.168.0.132,TLS,106
2025-05-01 17:34:48.772473,192.168.0.132,17.57.144.247,TLS,1514
2025-05-01 17:34:48.772479,192.168.0.132,17.57.144.247,TLS,362
2025-05-01 17:34:51.292841,192.168.0.132,150.171.22.12,TLS,566
2025-05-01 17:34:51.292861,192.168.0.132,150.171.22.12,TLS,180
2025-05-01 17:34:51.292882,192.168.0.132,150.171.22.12,TLS,93
2025-05-01 17:34:51.292891,192.168.0.132,150.171.22.12,TLS,566
2025-05-01 17:34:51.292894,192.168.0.132,150.171.22.12,TLS,275
2025-05-01 17:34:51.307476,192.168.0.132,150.171.22.12,TLS,566
2025-05-01 17:34:51.307497,192.168.0.132,150.171.22.12,TLS,560
2025-05-01 17:34:51.327702,150.171.22.12,192.168.0.132,TLS,93
2025-05-01 17:34:51.377750,150.171.22.12,192.168.0.132,TLS,419
2025-05-01 17:34:51.423075,150.171.22.12,192.168.0.132,TLS,678
2025-05-01 17:34:51.423237,150.171.22.12,192.168.0.132,TLS,85
2025-05-01 17:34:51.424898,192.168.0.132,150.171.22.12,TLS,89

