avg_packet_size_sent,avg_packet_size_recv,avg_time_between_outgoing_packets,avg_time_between_incoming_packets,ratio_outgoing_to_incoming,number_incoming,number_outgoing,dataset
662.4244604316547,358.48026315789474,0.05028834782608696,0.04617600662251656,0.9144736842105263,152,139,instagram
725.0322580645161,164.2608695652174,0.2034131333333333,0.2785190909090909,1.3478260869565217,23,31,instagram
598.6,104.2,0.52336475,0.86414575,1.0,5,5,instagram
515.3333333333334,269.0,0.23858825,0.3138138333333333,1.2857142857142858,7,9,instagram
454.42857142857144,104.66666666666667,0.7907483333333333,0.9406008000000001,1.1666666666666667,6,7,instagram
372.90909090909093,388.6666666666667,0.39500769999999996,0.3587278181818182,0.9166666666666666,12,11,instagram
400.5,98.5,0.9200382000000003,1.5350373333333334,1.5,4,6,instagram
673.5932203389831,274.2894736842105,0.09498332758620691,0.15079083783783784,1.5526315789473684,38,59,instagram
600.5102040816327,145.72413793103448,0.11955564583333333,0.2049050357142857,1.6896551724137931,29,49,instagram
627.4615384615385,209.23076923076923,0.41471791666666674,0.4791780833333333,1.0,13,13,instagram
775.5744680851063,183.41935483870967,0.14211747826086957,0.2175316333333334,1.5161290322580645,31,47,instagram
653.1111111111111,208.1,0.067189375,0.5592284444444444,0.9,10,9,instagram
427.53333333333336,320.3636363636364,0.42937214285714287,0.6056410999999999,1.3636363636363635,11,15,instagram
587.5,109.33333333333333,0.4030593333333334,0.583409,1.3333333333333333,3,4,instagram
457.0833333333333,321.0,0.427918,0.586358375,1.3333333333333333,9,12,instagram
96.5,92.5,6.375493,6.406019,1.0,2,2,instagram
734.5588235294117,606.4705882352941,0.16047784848484847,0.1611488787878788,1.0,34,34,instagram
109.2,106.4,1.3455154999999999,1.3548525,1.0,5,5,instagram
572.75,243.6,0.562806090909091,0.6856738888888889,1.2,10,12,instagram
1121.4285714285713,979.0,0.657453,1.3127563333333334,1.75,4,7,instagram
697.5172413793103,418.6666666666667,0.2164573214285714,0.30393175,1.380952380952381,21,29,instagram
391.55555555555554,102.14285714285714,0.7006073749999999,0.9289341666666666,1.2857142857142858,7,9,instagram
510.4,140.0,0.4625182222222223,0.5869224285714285,1.25,8,10,instagram
632.7777777777778,296.3333333333333,0.3275115,0.6180388,1.5,6,9,instagram
745.3513513513514,217.7391304347826,0.15925350000000002,0.26324318181818185,1.608695652173913,23,37,instagram
712.5,400.25,0.24735753333333335,0.4559380909090909,1.3333333333333333,12,16,instagram
603.3,650.75,0.6776462222222223,0.8739390000000001,1.25,8,10,instagram
436.57142857142856,338.8333333333333,1.1437763333333333,1.3769776,1.1666666666666667,6,7,instagram
941.5,393.25,0.9617628,1.5877176666666666,1.5,4,6,instagram
103.8,107.25,1.1230959999999999,1.4838536666666666,1.25,4,5,instagram
499.3333333333333,334.0,1.0384522,1.2934402500000002,1.2,5,6,instagram
735.8,472.25,0.2321058947368421,0.29562559999999993,1.25,16,20,instagram
98.0,94.0,0.0,0.0,1.0,1,1,instagram
745.1,570.7333333333333,0.17391862068965513,0.17329482758620687,1.0,30,30,instagram
560.3571428571429,444.5833333333333,0.286884,0.3403153636363636,1.1666666666666667,12,14,instagram
591.1111111111111,404.94117647058823,0.15686546153846154,0.2521021875,1.588235294117647,17,27,instagram
779.3414634146342,179.0,0.119611475,0.20289795833333332,1.64,25,41,instagram
704.9677419354839,400.4583333333333,0.15741323333333332,0.20247704347826084,1.2916666666666667,24,31,instagram
744.9375,433.72727272727275,0.333641,0.500276,1.4545454545454546,11,16,instagram
518.4,152.22222222222223,0.7633338888888889,0.858783875,1.1111111111111112,9,10,instagram
692.0,493.0,1.0611348,2.65257,2.0,3,6,instagram
605.2666666666667,577.9090909090909,0.3752063571428571,0.5213111,1.3636363636363635,11,15,instagram
670.5,637.0645161290323,0.17398164516129033,0.18015873333333335,1.032258064516129,31,32,instagram
434.3333333333333,102.6,0.9702978,1.20691425,1.2,5,6,instagram
546.0,126.77777777777777,0.5208645454545455,0.71518675,1.3333333333333333,9,12,instagram
728.1481481481482,169.61111111111111,0.19844484615384614,0.30259188235294115,1.5,18,27,instagram
550.6363636363636,400.5,0.5766183,0.8208492857142857,1.375,8,11,instagram
723.1428571428571,339.2,0.41171266666666667,0.6126484999999999,1.4,5,7,instagram
420.55,409.1578947368421,0.22730131578947366,0.24037444444444445,1.0526315789473684,19,20,instagram
98.0,94.0,0.0,0.0,1.0,1,1,instagram
677.9166666666666,482.43333333333334,0.15754085714285712,0.18897486206896552,1.2,30,36,instagram
389.1968457943925,414.19006648416115,0.0037154137931034482,0.0025091639280125197,0.6695346108721157,2557,1712,instagram
606.5,181.77777777777777,0.11264854285714285,0.14915388461538462,1.3333333333333333,27,36,instagram
635.9411764705883,273.46153846153845,0.32277018749999997,0.4294950833333333,1.3076923076923077,13,17,instagram
644.8571428571429,1451.7806603773586,0.16493017647058822,0.006608384887839433,0.041273584905660375,848,35,instagram
435.3888888888889,255.2,0.29717876470588234,0.35967814285714284,1.2,15,18,instagram
623.2380952380952,119.07142857142857,0.34582025000000005,0.48259384615384615,1.5,14,21,instagram
711.9090909090909,251.33333333333334,0.4846129,0.619179375,1.2222222222222223,9,11,instagram
673.625,107.83333333333333,0.39994485714285716,0.5758432000000001,1.3333333333333333,6,8,instagram
520.6136363636364,486.2352941176471,0.12905637209302326,0.1676099696969697,1.2941176470588236,34,44,instagram
683.2592592592592,146.0,0.10120520754716981,0.16665421874999997,1.6363636363636365,33,54,instagram
455.8181818181818,259.3,0.5241564000000001,0.5830454444444445,1.1,10,11,instagram
621.25,100.66666666666667,0.46243166666666663,0.680451,1.3333333333333333,3,4,instagram
490.35714285714283,285.5833333333333,0.4365198461538461,0.5149795454545455,1.1666666666666667,12,14,instagram
599.7272727272727,463.6666666666667,0.22720010000000004,0.281588625,1.2222222222222223,9,11,instagram
459.85714285714283,161.85714285714286,1.030444,1.024271,1.0,7,7,instagram
424.3333333333333,306.1666666666667,0.46743035714285713,0.5901368181818183,1.25,12,15,instagram
554.25,124.4,0.468253,0.7892042499999999,1.6,5,8,instagram
755.8888888888889,651.8627450980392,0.10089977358490564,0.10431212000000001,1.0588235294117647,51,54,instagram
455.42857142857144,495.3076923076923,0.44321438461538454,0.4800501666666667,1.0769230769230769,13,14,instagram
393.6,453.77777777777777,0.4419197777777778,0.49929337500000004,1.1111111111111112,9,10,instagram
893.0,490.0,0.2206335,1.4137955,1.0,3,3,instagram
726.2272727272727,358.35714285714283,0.28616857142857144,0.4572616153846154,1.5714285714285714,14,22,instagram
698.5142857142857,334.6551724137931,0.1049939705882353,0.1272285357142857,1.206896551724138,29,35,instagram
388.3833333333333,1201.1294964028777,0.09745613559322035,0.020534812274368233,0.2158273381294964,278,60,reddit
504.28169014084506,641.8914728682171,0.04439135460992908,0.012096664077669904,0.2751937984496124,516,142,reddit
785.5942028985507,767.1641791044776,0.09256672058823531,0.09475496969696968,1.0298507462686568,67,69,reddit
494.2631578947368,723.7826086956521,0.22727744444444445,0.18364586363636362,0.8260869565217391,23,19,reddit
503.99328859060404,621.1720613287905,0.03887756756756757,0.009728155290102389,0.25383304940374785,587,149,reddit
789.1379310344828,685.7391304347826,0.11203421052631579,0.14166246666666668,1.2608695652173914,46,58,reddit
672.6567164179105,762.5800293685757,0.027041275000000004,0.00965423088235294,0.29515418502202645,681,201,reddit
550.3513513513514,820.3672566371681,0.06959426027397259,0.022471288888888885,0.3274336283185841,226,74,reddit
784.5384615384615,787.4875,0.014935220779220779,0.00698046540880503,0.4875,160,78,reddit
887.7910447761194,679.7454545454545,0.09690259090909092,0.1179934074074074,1.2181818181818183,55,67,reddit
561.1212121212121,1159.3949579831933,0.17168565624999998,0.04711089830508474,0.2773109243697479,119,33,reddit
662.6294416243654,524.36,0.03145430612244898,0.008217986648865153,0.26266666666666666,750,197,reddit
625.6666666666666,648.3413173652694,0.1151282033898305,0.04090139759036144,0.3592814371257485,167,60,reddit
578.31,712.5621546961326,0.03172643718592965,0.008926412171507607,0.27624309392265195,724,200,reddit
577.0536912751678,607.3639344262295,0.0396502972972973,0.009654604269293923,0.2442622950819672,610,149,reddit
736.7894736842105,723.6875,0.3535426666666666,0.42717320000000003,1.1875,16,19,reddit
828.931506849315,903.4722222222222,0.07451690277777778,0.0759187042253521,1.0138888888888888,72,73,reddit
589.44,1314.6433121019109,0.21290241666666665,0.03352133333333334,0.1592356687898089,157,25,reddit
723.1,788.5,0.37978166666666674,0.6501526,1.6666666666666667,6,10,reddit
525.7209302325581,1254.7517482517483,0.07591988235294118,0.011051434325744307,0.15034965034965034,572,86,reddit
480.97802197802196,1368.7597402597403,0.07582066666666666,0.006345925719591458,0.08441558441558442,1078,91,reddit
444.66153846153844,1368.1700984780662,0.09987628125,0.005930529569892473,0.05819158460161146,1117,65,reddit
364.075,1202.5121951219512,0.16357979487179486,0.014079277777777777,0.08869179600886919,451,40,reddit
549.8571428571429,1113.836879432624,0.1274374375,0.04315455,0.3475177304964539,141,49,reddit
712.85,498.93333333333334,0.3246793684210526,0.42894942857142854,1.3333333333333333,15,20,reddit
910.4,712.6666666666666,0.5634542499999999,1.0466875,1.6666666666666667,3,5,reddit
695.2,1251.704081632653,0.20446013793103446,0.06105381443298969,0.30612244897959184,98,30,reddit
411.468085106383,998.8409090909091,0.09145865217391302,0.019449867579908672,0.21363636363636362,220,47,reddit
378.17021276595744,1241.896875,0.14405149999999997,0.02089492476489028,0.146875,320,47,reddit
571.24375,582.1545893719807,0.03954606918238993,0.00984724193548387,0.2576489533011272,621,160,reddit
663.031914893617,1230.4607218683652,0.04399890322580645,0.008687217021276597,0.19957537154989385,471,94,reddit
732.2058823529412,1232.436090225564,0.176734,0.04449902272727273,0.2556390977443609,133,34,reddit
670.6382978723404,1333.514563106796,0.11403302173913044,0.016903055194805193,0.15210355987055016,309,47,reddit
417.55,1175.9542682926829,0.10618864406779661,0.01916917125382263,0.18292682926829268,328,60,reddit
321.1744966442953,1286.702380952381,0.046243662162162164,0.0038606574021554166,0.0844671201814059,1764,149,reddit
322.0982142857143,1240.0914231856739,0.06181299099099098,0.0064800000000000005,0.1055607917059378,1061,112,reddit
367.2361111111111,1220.9369158878505,0.07977491549295775,0.006663191812865497,0.08411214953271028,856,72,reddit
377.65384615384613,1164.517955801105,0.05341876699029126,0.0076316473029045635,0.143646408839779,724,104,reddit
475.3181818181818,1169.2795497185741,0.09583236923076924,0.011706469924812031,0.12382739212007504,533,66,reddit
533.26,1159.4039408866995,0.1364425714285714,0.032864396039603956,0.24630541871921183,203,50,reddit
549.3928571428571,1151.7367303609342,0.11934676363636362,0.013969217021276598,0.11889596602972399,471,56,reddit
461.7638888888889,1217.6982323232323,0.09297892957746479,0.008325008849557522,0.09090909090909091,792,72,reddit
315.1304347826087,1264.73293768546,0.06994147252747253,0.006228957425742573,0.09099901088031652,1011,92,reddit
442.1694915254237,1217.4625668449198,0.11359060344827586,0.017666024128686328,0.15775401069518716,374,59,reddit
393.35849056603774,1309.9510022271716,0.06159275238095238,0.0035720729805013927,0.05902004454342984,1796,106,reddit
394.32608695652175,1318.0368932038834,0.14242564444444444,0.01246244552529183,0.08932038834951456,515,46,reddit
396.40845070422534,1210.7669082125603,0.09387981428571428,0.00800094437726723,0.08574879227053141,828,71,reddit
526.0689655172414,1184.1358024691358,0.23499560714285708,0.0821063125,0.35802469135802467,81,29,reddit
424.825,1202.8237410071943,0.10660307692307697,0.007296084684684684,0.07194244604316546,556,40,reddit
544.187134502924,1333.0616078136738,0.0398212294117647,0.0051218015037593975,0.1284748309541698,1331,171,reddit
438.59375,1156.6757164404223,0.0711636947368421,0.010249433534743202,0.14479638009049775,663,96,reddit
488.8881578947368,1394.274223718668,0.04011611258278145,0.002347494760479042,0.05686494575383464,2673,152,reddit
367.5,1317.378892733564,0.053317072072072084,0.00511973593073593,0.09688581314878893,1156,112,reddit
496.71834625323,502.7442773054284,0.0034858948275862064,0.0026380785340314136,0.7593198168737737,1529,1161,reddit
663.7054263565891,532.0671641791045,0.054154023437500004,0.05038403007518797,0.9626865671641791,134,129,tetris
163.89473684210526,481.92105263157896,0.38478633333333334,0.08714942666666665,0.25,76,19,tetris
398.64285714285717,755.02,0.4755333846153845,0.13626330612244897,0.28,50,14,tetris
334.95238095238096,650.695652173913,0.32698270000000007,0.1503208,0.45652173913043476,46,21,tetris
275.8235294117647,756.0222222222222,0.41657381250000003,0.15806468181818184,0.37777777777777777,45,17,tetris
366.67857142857144,623.7936507936508,0.23397085185185187,0.10812003225806453,0.4444444444444444,63,28,tetris
144.8181818181818,718.4545454545455,0.6666919,0.16057632558139537,0.25,44,11,tetris
240.25,785.3492063492064,0.4124140666666667,0.11091619354838708,0.25396825396825395,63,16,tetris
530.2424242424242,716.3230769230769,0.18232625,0.106802484375,0.5076923076923077,65,33,tetris
323.59375,634.983606557377,0.21502787096774192,0.11193079999999997,0.5245901639344263,61,32,tetris
144.54545454545453,824.7045454545455,0.6315313,0.1518332558139535,0.25,44,11,tetris
276.625,638.9736842105264,0.44801466666666667,0.18789694594594594,0.42105263157894735,38,16,tetris
282.05555555555554,757.5625,0.38437582352941174,0.10744665079365079,0.28125,64,18,tetris
332.125,741.7272727272727,0.2537824782608696,0.11527812962962963,0.43636363636363634,55,24,tetris
146.4,645.5490196078431,0.3508745789473684,0.128758,0.39215686274509803,51,20,tetris
310.2142857142857,795.95,0.48572600000000005,0.17413023076923076,0.35,40,14,tetris
445.90625,677.6607142857143,0.18525945161290322,0.1246044909090909,0.5714285714285714,56,32,tetris
169.21428571428572,687.4042553191489,0.4618242307692308,0.13041026086956525,0.2978723404255319,47,14,tetris
138.25,625.6111111111111,0.3511061578947368,0.1258504716981132,0.37037037037037035,54,20,tetris
302.7142857142857,804.4666666666667,0.4487344615384616,0.15276243181818183,0.3111111111111111,45,14,tetris
211.875,733.72,0.43302179999999996,0.13227928571428574,0.32,50,16,tetris
150.92307692307693,782.1315789473684,0.5552175,0.1837422972972973,0.34210526315789475,38,13,tetris
247.2,646.6590909090909,0.33712200000000003,0.1508030930232558,0.45454545454545453,44,20,tetris
144.86666666666667,694.1355932203389,0.47632492857142855,0.117103,0.2542372881355932,59,15,tetris
299.2608695652174,779.4666666666667,0.27413386363636366,0.1533131363636364,0.5111111111111111,45,23,tetris
608.8833333333333,630.8981481481482,0.11023586440677967,0.061900794392523356,0.5555555555555556,108,60,tetris
159.93333333333334,762.4117647058823,0.4935297142857142,0.13906658,0.29411764705882354,51,15,tetris
303.11764705882354,747.4,0.40548406249999996,0.08579758227848103,0.2125,80,17,tetris
156.07142857142858,691.1632653061224,0.44827492307692307,0.13567672916666665,0.2857142857142857,49,14,tetris
138.625,724.8103448275862,0.4444477333333334,0.10991117543859649,0.27586206896551724,58,16,tetris
231.55555555555554,766.4074074074074,0.390795,0.12822207547169812,0.3333333333333333,54,18,tetris
360.04545454545456,760.1805555555555,0.31740538095238097,0.09807774647887327,0.3055555555555556,72,22,tetris
317.1111111111111,615.8333333333334,0.3602664705882353,0.16518409756097563,0.42857142857142855,42,18,tetris
322.52,772.859649122807,0.24509045833333332,0.11586528571428571,0.43859649122807015,57,25,tetris
556.7407407407408,671.7142857142857,0.25801176923076924,0.13561216666666667,0.5510204081632653,49,27,tetris
134.64705882352942,696.5555555555555,0.4285494375,0.15762172727272727,0.37777777777777777,45,17,tetris
152.0909090909091,780.0408163265306,0.6670236,0.14266064583333335,0.22448979591836735,49,11,tetris
353.23809523809524,698.5862068965517,0.30643390000000004,0.11279919298245614,0.3620689655172414,58,21,tetris
373.46875,729.015625,0.1882005161290322,0.10007696825396824,0.5,64,32,tetris
301.5238095238095,691.703125,0.33329810000000004,0.10930217460317461,0.328125,64,21,tetris
141.83333333333334,733.3018867924528,0.5793931818181819,0.1311706346153846,0.22641509433962265,53,12,tetris
582.021052631579,465.0508474576271,0.07213807446808511,0.05965213675213675,0.8050847457627118,118,95,tetris
549.0833333333334,722.3888888888889,0.27566004347826084,0.11931505660377358,0.4444444444444444,54,24,tetris
547.5862068965517,572.4851485148515,0.20816575000000004,0.06938666,0.2871287128712871,101,29,tetris
137.5,818.8214285714286,0.39223176470588234,0.11554947272727271,0.32142857142857145,56,18,tetris
148.9090909090909,763.7843137254902,0.6373097,0.12438922000000002,0.21568627450980393,51,11,tetris
213.45454545454547,702.0655737704918,0.32231719047619045,0.11475193333333336,0.36065573770491804,61,22,tetris
136.28571428571428,692.8636363636364,0.4711761538461539,0.16018739534883722,0.3181818181818182,44,14,tetris
186.76190476190476,722.65625,0.29171859999999994,0.10910438095238097,0.328125,64,21,tetris
390.6,761.4375,0.4762183571428572,0.14509463829787234,0.3125,48,15,tetris
253.8,730.015873015873,0.26557129166666665,0.11028725806451614,0.3968253968253968,63,25,tetris
375.7894736842105,733.2708333333334,0.3703818333333333,0.1479164255319149,0.3958333333333333,48,19,tetris
255.95,683.0,0.33262263157894734,0.13140329411764706,0.38461538461538464,52,20,tetris
158.8181818181818,874.78,0.5833757,0.14030402040816325,0.22,50,11,tetris
450.73333333333335,703.1739130434783,0.4667447142857143,0.14945019999999998,0.32608695652173914,46,15,tetris
506.8095238095238,606.1833333333333,0.33919654999999993,0.11473645762711865,0.35,60,21,tetris
610.3636363636364,714.7727272727273,0.1749113125,0.10328159999999999,0.5,66,33,tetris
160.9375,776.8032786885246,0.45505713333333336,0.11484216666666666,0.26229508196721313,61,16,tetris
149.16666666666666,825.6666666666666,0.5299809090909092,0.11941801785714286,0.21052631578947367,57,12,tetris
498.59375,734.6619718309859,0.20019870967741937,0.0845527,0.4507042253521127,71,32,tetris
478.35483870967744,646.9538461538461,0.22879786666666665,0.10602221875,0.47692307692307695,65,31,tetris
151.93333333333334,692.2558139534884,0.4163368571428571,0.1646362619047619,0.3488372093023256,43,15,tetris
135.0,708.6363636363636,0.5555313333333335,0.12360301851851853,0.23636363636363636,55,13,tetris
294.7142857142857,798.8059701492538,0.29199745,0.10460063636363635,0.31343283582089554,67,21,tetris
135.0625,770.7903225806451,0.4014749333333334,0.10415878688524591,0.25806451612903225,62,16,tetris
154.05263157894737,696.8909090909091,0.3809762222222222,0.12332414814814813,0.34545454545454546,55,19,tetris
483.1458333333333,809.2079207920792,0.13699680851063833,0.06964635999999999,0.4752475247524752,101,48,tetris
428.39130434782606,801.8368794326241,0.1529398888888889,0.04763002142857144,0.3262411347517731,141,46,tetris
436.4074074074074,790.1111111111111,0.22436776923076926,0.12175637735849058,0.5,54,27,tetris
203.03703703703704,632.6612903225806,0.2319394230769231,0.10369883606557377,0.43548387096774194,62,27,tetris
176.41666666666666,793.4313725490196,0.6245327272727274,0.1384891,0.23529411764705882,51,12,tetris
489.8888888888889,802.5289256198347,0.0804629875,0.05786395833333333,0.6694214876033058,121,81,tetris
348.75135135135133,1232.3,0.032263798913043484,0.022873583011583012,0.7115384615384616,260,185,wikipedia
604.3684210526316,1009.1666666666666,0.3530605,0.2762630869565218,0.7916666666666666,24,19,wikipedia
292.0612244897959,1446.2138157894738,0.05294965979381443,0.01695061056105611,0.3223684210526316,304,98,wikipedia
352.95,1020.425,0.23667147368421051,0.11536548717948719,0.5,40,20,wikipedia
459.98,964.46,0.11302571428571428,0.11108746938775511,1.0,50,50,wikipedia
276.8484848484849,1005.4651162790698,0.20657953125,0.15463209523809524,0.7674418604651163,43,33,wikipedia
379.5230769230769,1308.5987261146497,0.0856311875,0.034997115384615377,0.4140127388535032,157,65,wikipedia
272.3421052631579,1162.8444444444444,0.14210556756756756,0.04869388764044944,0.4222222222222222,90,38,wikipedia
276.375,723.9090909090909,0.8422984285714286,0.5898928999999999,0.7272727272727273,11,8,wikipedia
268.25,628.6666666666666,0.6964659999999999,0.612553875,0.8888888888888888,9,8,wikipedia
400.2631578947368,899.7037037037037,0.25735033333333335,0.1784314615384615,0.7037037037037037,27,19,wikipedia
96.5,92.5,1.690564,1.654089,1.0,2,2,wikipedia
249.5,187.42857142857142,0.1890378,0.24808816666666664,0.8571428571428571,7,6,wikipedia
628.6363636363636,527.75,0.23882810000000002,0.34050242857142854,1.375,8,11,wikipedia
915.6,542.8,0.2539918571428571,0.39221811111111105,1.5,10,15,wikipedia
462.14285714285717,519.75,0.6622006666666665,0.5719705714285713,0.875,8,7,wikipedia
619.1428571428571,539.5,0.21273685000000003,0.16954172,0.8076923076923077,26,21,wikipedia
131.75,594.4444444444445,1.5065293333333336,0.560779875,0.4444444444444444,9,4,wikipedia
364.85714285714283,814.2857142857143,0.21639750000000002,0.2203031666666667,1.0,7,7,wikipedia
124.0,120.0,0.0,0.0,1.0,1,1,wikipedia
465.14285714285717,303.14285714285717,0.6459766666666666,0.6403163333333334,1.0,7,7,wikipedia
103.5,469.5,4.048972,4.07942,1.0,2,2,wikipedia
95.5,91.5,2.096231,2.09545,1.0,2,2,wikipedia
792.5384615384615,710.2,0.04209458333333333,0.0584168888888889,1.3,10,13,wikipedia
281.125,445.6,0.7623592857142857,0.5922618888888889,0.8,10,8,wikipedia
102.0,98.5,0.636503,0.636746,1.0,2,2,wikipedia
124.0,105.0,0.0,0.6633725,0.3333333333333333,3,1,wikipedia
695.0,693.0,2.56369,2.569722,1.0,2,2,wikipedia
384.3333333333333,169.91666666666666,0.35601945454545453,0.34947836363636364,1.0,12,12,wikipedia
102.5,98.25,2.266698,0.7556063333333333,0.5,4,2,wikipedia
693.8181818181819,412.14285714285717,0.17204960000000002,0.7421525,1.5714285714285714,7,11,wikipedia
459.8,978.6470588235294,0.27074858333333335,0.1970371818181818,0.7352941176470589,34,25,wikipedia
785.1538461538462,506.4074074074074,0.1560822,0.20470284615384615,0.9629629629629629,27,26,wikipedia
109.0,106.0,0.0,0.0,1.0,1,1,wikipedia
235.1818181818182,832.4615384615385,0.5272086,0.4352223333333334,0.8461538461538461,13,11,wikipedia
495.9117647058824,1123.9818181818182,0.1805265757575758,0.1103369074074074,0.6181818181818182,55,34,wikipedia
369.1578947368421,863.9166666666666,0.3652406111111111,0.2856898695652174,0.7916666666666666,24,19,wikipedia
0.0,97.0,0.0,0.0,0.0,1,0,wikipedia
816.2,496.6666666666667,1.41758925,2.8482295,1.6666666666666667,3,5,wikipedia
736.8571428571429,637.1,0.27768607692307695,0.06811255555555557,1.4,10,14,wikipedia
530.3333333333334,785.6,2.0077404999999997,1.0133717500000001,0.6,5,3,wikipedia
136.0,637.2307692307693,0.13828455555555555,0.10082174999999999,0.7692307692307693,13,10,wikipedia
124.2,843.8333333333334,1.06350525,0.8564346,0.8333333333333334,6,5,wikipedia
109.5,105.5,5.132264,5.132261,1.0,2,2,wikipedia
98.0,100.33333333333333,0.0,0.0013115,0.3333333333333333,3,1,wikipedia
309.42857142857144,482.0,0.3918253333333334,0.29339475,0.7777777777777778,9,7,wikipedia
369.8292682926829,1100.3333333333333,0.16987795,0.07867967441860467,0.47126436781609193,87,41,wikipedia
443.8936170212766,1038.1923076923076,0.1373578695652174,0.09995305882352941,0.9038461538461539,52,47,wikipedia
679.1666666666666,700.7037037037037,0.11013219512195123,0.11345728301886793,0.7777777777777778,54,42,wikipedia
116.75,451.14285714285717,1.662208,0.8311013333333332,0.5714285714285714,7,4,wikipedia
686.5555555555555,442.7142857142857,0.007050875,0.009920333333333335,1.2857142857142858,7,9,wikipedia
662.3478260869565,372.82608695652175,0.21418754545454544,0.2404817272727273,1.0,23,23,wouldyourather
509.2631578947368,232.64705882352942,0.29204927777777784,0.3278175625,1.1176470588235294,17,19,wouldyourather
393.7857142857143,226.6875,0.3941177692307693,0.34054533333333337,0.875,16,14,wouldyourather
709.7777777777778,278.0,0.42142025,0.42107362499999995,1.0,9,9,wouldyourather
606.1176470588235,489.3,0.3969930625,0.7083016666666667,1.7,10,17,wouldyourather
407.6666666666667,266.875,0.3395658235294117,0.38945413333333334,1.125,16,18,wouldyourather
329.7692307692308,230.33333333333334,0.5079090833333334,0.44099185714285716,0.8666666666666667,15,13,wouldyourather
677.0,461.75,0.33392275,0.18255085714285713,1.125,8,9,wouldyourather
426.3636363636364,254.8,0.6752236,0.6984153333333334,1.1,10,11,wouldyourather
498.8,518.25,0.42754807142857143,0.37735226666666666,0.9375,16,15,wouldyourather
511.0,297.26666666666665,0.3795856666666666,0.41930657142857136,1.0666666666666667,15,16,wouldyourather
735.7777777777778,307.3333333333333,0.545478125,0.5447941249999999,1.0,9,9,wouldyourather
457.0,233.33333333333334,0.9185321428571429,0.586389,0.6666666666666666,12,8,wouldyourather
693.7272727272727,859.0588235294117,0.6042078,0.3716483125,0.6470588235294118,17,11,wouldyourather
711.2857142857143,548.7777777777778,0.2519562,0.20875692307692306,0.7777777777777778,27,21,wouldyourather
419.26666666666665,361.2631578947368,0.3787565714285714,0.3272442222222222,0.7894736842105263,19,15,wouldyourather
573.0,432.9230769230769,0.508294625,0.34079325,0.6923076923076923,13,9,wouldyourather
605.0,278.8888888888889,0.5460711,0.69011975,1.2222222222222223,9,11,wouldyourather
423.1,253.25,0.4448453333333333,0.36339363636363636,0.8333333333333334,12,10,wouldyourather
377.0,245.92307692307693,0.5967456,0.2102468333333333,0.8461538461538461,13,11,wouldyourather
654.9642857142857,566.6666666666666,0.23350385185185182,0.197403625,0.8484848484848485,33,28,wouldyourather
463.0,337.57142857142856,0.2772798125,0.34258561538461535,1.2142857142857142,14,17,wouldyourather
713.3846153846154,622.8260869565217,0.25204872,0.2879645454545454,1.1304347826086956,23,26,wouldyourather
351.5,258.95454545454544,0.38361507692307695,0.23995185714285713,0.6363636363636364,22,14,wouldyourather
521.7333333333333,439.6666666666667,0.34880692857142864,0.3504005,1.0,15,15,wouldyourather
724.8181818181819,378.3,0.4922099999999999,0.5535842222222223,1.1,10,11,wouldyourather
453.4,339.42857142857144,0.48283744444444454,0.338308,0.7142857142857143,14,10,wouldyourather
393.4117647058824,300.6470588235294,0.35895518750000005,0.356961,1.0,17,17,wouldyourather
629.1,473.8333333333333,0.6702283333333334,1.1992866,1.6666666666666667,6,10,wouldyourather
519.7142857142857,304.75,0.7769321666666668,0.5599888181818181,0.5833333333333334,12,7,wouldyourather
719.5,334.6923076923077,0.2945739333333333,0.3719775,1.2307692307692308,13,16,wouldyourather
472.6,390.17391304347825,0.3384633157894737,0.29314327272727275,0.8695652173913043,23,20,wouldyourather
638.9333333333333,429.45,0.1930530344827586,0.1446831282051282,0.75,40,30,wouldyourather
745.8333333333334,382.8,0.39313299999999995,0.4738531111111112,1.2,10,12,wouldyourather
794.5,443.25,0.15882277777777778,0.21814200000000003,2.5,4,10,wouldyourather
535.7222222222222,279.7916666666667,0.3626057058823529,0.2680977391304348,0.75,24,18,yt
107.8,102.8,1.2797987499999999,1.288847,1.0,5,5,yt
650.625,618.3823529411765,0.12291784615384617,0.16146251515151516,1.1764705882352942,34,40,yt
0.0,129.8,0.0,1.246885,0.0,5,0,yt
379.4166666666667,291.73333333333335,0.451393,0.35483049999999994,0.8,15,12,yt
902.6666666666666,305.0,0.6706445,0.7158356666666666,0.42857142857142855,7,3,yt
673.1666666666666,395.27777777777777,0.5253297272727273,0.35816347058823533,0.6666666666666666,18,12,yt
710.2,571.2307692307693,0.3404502142857143,0.3971850833333333,1.1538461538461537,13,15,yt
98.0,169.85714285714286,2.490076,0.37821969230769226,0.14285714285714285,14,2,yt
307.75,151.0,1.557565,1.1650875,0.8,5,4,yt
499.0,244.88888888888889,2.8120044999999996,0.8072467500000001,0.3333333333333333,9,3,yt
95.0,174.8,0.0,0.486136,0.2,5,1,yt
98.0,124.75,0.0,0.459429,0.125,8,1,yt
317.61538461538464,301.0,0.21125174999999996,0.24664152,0.5,26,13,yt
405.0,247.88888888888889,1.8737493333333335,0.7027524999999999,0.4444444444444444,9,4,yt
0.0,178.4,0.0,1.5022825000000002,0.0,5,0,yt
1292.0,361.8666666666667,0.0010988,0.25981699999999996,0.4,15,6,yt
420.8333333333333,544.3571428571429,0.48957736363636356,0.41080746153846154,0.8571428571428571,14,12,yt
501.3333333333333,326.0,1.0867879999999999,1.0881882,1.0,6,6,yt
120.0,115.875,0.0,0.32067226666666665,0.0625,16,1,yt
638.125,605.5625,0.641164,0.37730240000000015,0.5,16,8,yt
695.0,693.0,2.747194,2.754032,1.0,2,2,yt
144.4,151.75,1.20983925,0.7913165714285714,0.625,8,5,yt
856.375,479.06666666666666,0.9560977142857142,0.4767679999999999,0.5333333333333333,15,8,yt
1053.5714285714287,469.0,0.38498583333333336,0.6016521428571429,0.875,8,7,yt
104.33333333333333,134.375,2.4229494999999996,0.38840640000000004,0.1875,16,3,yt
610.2,223.66666666666666,0.0270565,0.32090107142857144,0.3333333333333333,15,5,yt
109.66666666666667,121.0,1.728056,1.3031596,0.5,6,3,yt
577.0,597.2571428571429,0.137663696969697,0.1733964705882353,0.9714285714285714,35,34,yt
95.0,112.125,0.0,0.4535645714285714,0.125,8,1,yt
460.26666666666665,207.84615384615384,0.4572315714285714,0.25640788000000003,0.5769230769230769,26,15,yt
116.5,130.16666666666666,3.459107,0.5506150000000001,0.16666666666666666,12,2,yt
95.0,168.8,0.0,0.5938194444444443,0.1,10,1,yt
1292.0,370.85714285714283,0.007579499999999999,0.4888150769230769,0.5,14,7,yt
243.7,449.15384615384613,0.6231142222222223,0.4870829166666666,0.7692307692307693,13,10,yt
595.1666666666666,417.36,0.29527223529411767,0.21085825000000002,0.72,25,18,yt
348.2,193.61363636363637,0.5615696666666666,0.13962637209302323,0.22727272727272727,44,10,yt
1292.0,163.38571428571427,4e-06,0.10079743478260869,0.02857142857142857,70,2,yt
98.0,120.0,0.0,2.02716,0.3333333333333333,3,1,yt
671.5454545454545,124.55172413793103,0.6775049,0.058690443478260856,0.09482758620689655,116,11,yt
697.0,308.1666666666667,0.8831776666666666,1.0804231999999998,0.6666666666666666,6,4,yt
1005.7,499.0833333333333,0.4930588888888889,0.6080434545454545,0.8333333333333334,12,10,yt
105.33333333333333,205.125,0.7555624999999999,0.6660632857142856,0.375,8,3,yt
143.5,160.0,0.42901933333333336,0.28902983333333326,0.3076923076923077,13,4,yt
405.0,314.0,0.9729256666666667,0.8823086,0.6666666666666666,6,4,yt
473.7142857142857,635.4230769230769,0.3322256153846154,0.19349555999999996,0.5384615384615384,26,14,yt
0.0,121.78571428571429,0.0,0.25517746153846155,0.0,14,0,yt
242.45454545454547,199.57692307692307,0.38699680000000003,0.23207296000000002,0.4230769230769231,26,11,yt
840.7435897435897,650.304347826087,0.08699236842105264,0.0771128888888889,0.8478260869565217,46,39,yt
1144.125,603.3846153846154,0.9504745714285715,0.5543645833333335,0.6153846153846154,13,8,yt
1183.1818181818182,928.625,0.5393047,0.7679618571428571,1.375,8,11,yt
993.5,555.25,1.005633,0.5348138571428571,0.5,8,4,yt
147.75,151.77777777777777,2.0648406666666665,0.7722315,0.4444444444444444,9,4,yt
102.0,118.875,1.50444,0.9031267142857143,0.25,8,2,yt
592.5,424.57142857142856,0.16276400000000002,0.3667330769230769,0.7142857142857143,14,10,yt
98.0,228.16666666666666,3.248877,1.2322802000000002,0.3333333333333333,6,2,yt
334.0,328.72727272727275,0.4985202727272728,0.27790666666666664,0.5454545454545454,22,12,yt
444.0,390.5,0.9799511666666666,0.6555182222222222,0.7,10,7,yt
735.3333333333334,215.75,0.0001215,0.7717690000000001,0.375,8,3,yt
1292.0,427.3333333333333,0.2029394,0.6156445454545456,0.5,12,6,yt
137.8,152.0,0.9689107499999999,0.49563,0.35714285714285715,14,5,yt
501.5625,410.3888888888889,0.33081513333333334,0.2927509411764706,0.8888888888888888,18,16,yt
1292.0,388.5,5e-06,1.311429,0.3333333333333333,6,2,yt
467.2857142857143,649.2380952380952,0.008197999999999999,0.2879653999999999,0.3333333333333333,21,7,yt
326.8333333333333,228.94736842105263,0.3534826363636364,0.33092372222222216,0.631578947368421,19,12,yt
105.66666666666667,186.77777777777777,2.1863335,0.5465585,0.3333333333333333,9,3,yt
404.75,378.75,1.5147186666666668,0.6582325714285714,0.5,8,4,yt
1292.0,923.0,0.000606,0.6942579999999999,1.5,6,9,yt
495.5,455.75,0.4128928,0.5190907142857143,0.75,8,6,yt
689.1785714285714,524.5833333333334,0.01871325925925926,0.2471964782608696,1.1666666666666667,24,28,yt
109.33333333333333,108.0,1.3406955,1.3299583333333334,0.75,4,3,yt
524.6666666666666,899.5,0.013756,0.009967666666666666,0.75,4,3,yt
612.4285714285714,299.90909090909093,0.9735303333333333,0.5836545,0.6363636363636364,11,7,yt
373.0,153.63636363636363,0.040316,0.2796474,0.2727272727272727,11,3,yt
704.25,368.4,0.9065353333333334,0.9213690000000001,0.8,5,4,yt
416.0,334.6666666666667,0.31757660000000004,0.7155554000000001,1.0,6,6,yt
1125.1,406.15384615384613,0.22177199999999997,0.3530215833333334,0.7692307692307693,13,10,yt
135.0,284.8333333333333,1.1678095,0.9378708,0.8333333333333334,6,5,yt
318.8333333333333,355.2857142857143,0.9697506,0.4134571538461538,0.42857142857142855,14,6,yt
102.0,113.81818181818181,3.185518,0.43010780000000004,0.18181818181818182,11,2,yt
0.0,231.0,0.0,1.092217,0.0,4,0,yt
393.7692307692308,124.54700854700855,0.28741083333333334,0.0466066896551724,0.1111111111111111,117,13,yt
167.66666666666666,167.2,3.263056,0.7174571111111112,0.3,10,3,yt
105.5,212.875,2.065590333333333,0.3218218571428571,0.5,8,4,yt
1292.0,234.1818181818182,2e-06,0.5090555,0.18181818181818182,11,2,yt
695.0,284.38461538461536,0.2889966666666667,0.3399125,0.3076923076923077,13,4,yt
618.6153846153846,510.92857142857144,0.3441114166666666,0.31648200000000004,0.9285714285714286,14,13,yt
109.33333333333333,120.0,1.375729,0.35451875,0.3333333333333333,9,3,yt
98.0,270.5,0.0,0.762301857142857,0.125,8,1,yt
423.5,429.7,0.827589,0.5533969999999999,0.4,10,4,yt
131.8,141.22222222222223,0.9678554999999999,0.7927495,0.5555555555555556,9,5,yt
508.3333333333333,412.0,1.401124,0.9457646666666667,0.75,4,3,yt
864.0833333333334,584.4615384615385,0.36043881818181817,0.46350258333333333,0.9230769230769231,13,12,yt
298.75,146.9,1.2929106666666668,0.42711244444444446,0.4,10,4,yt
113.0,141.28571428571428,0.549049,0.9830811666666666,0.42857142857142855,7,3,yt
109.0,113.4,0.0,1.106242,0.2,5,1,yt
580.3548387096774,547.3529411764706,0.0663648,0.13852460606060604,0.9117647058823529,34,31,yt
419.875,169.08695652173913,0.29462842857142857,0.2706640909090909,0.34782608695652173,23,8,yt
740.2,406.8333333333333,1.41491575,1.1601788,0.8333333333333334,6,5,yt
107.25,232.375,1.8496586666666666,0.7874011428571429,0.5,8,4,yt
905.25,577.75,0.39341946666666666,0.25758513043478265,0.6666666666666666,24,16,yt
286.8333333333333,648.3125,0.2667085454545454,0.17969026666666668,0.75,16,12,yt
531.2857142857143,312.1111111111111,0.27666207692307687,0.42830462500000005,1.5555555555555556,9,14,yt
434.98148148148147,677.3214285714286,0.11457890566037734,0.11067276363636364,0.9642857142857143,56,54,yt
824.3157894736842,801.5555555555555,0.11054716666666667,0.11708541176470588,1.0555555555555556,18,19,yt
761.9705882352941,571.5714285714286,0.142741,0.16934592592592596,1.2142857142857142,28,34,chat_gpt
715.8235294117648,392.64285714285717,0.14761157575757577,0.11396646341463415,0.8095238095238095,42,34,chat_gpt
660.6875,408.17391304347825,0.3216690666666667,0.22123327272727272,0.6956521739130435,23,16,chat_gpt
462.0,338.0869565217391,0.5584505454545454,0.2792176363636364,0.5217391304347826,23,12,chat_gpt
659.0833333333334,460.22222222222223,0.41040672727272737,0.56717325,1.3333333333333333,9,12,chat_gpt
302.8181818181818,158.3,0.36783960000000004,0.40943622222222226,1.1,10,11,chat_gpt
440.7142857142857,279.54545454545456,0.33919816666666663,0.2604977619047619,0.3181818181818182,22,7,chat_gpt
427.0769230769231,262.0263157894737,0.5161198333333332,0.16738354054054055,0.34210526315789475,38,13,chat_gpt
512.7307692307693,475.40816326530614,0.27301868,0.14219939583333333,0.5306122448979592,49,26,chat_gpt
565.1428571428571,270.7826086956522,0.7937128333333333,0.21924604545454543,0.30434782608695654,23,7,chat_gpt
489.75,333.0,0.3698607272727273,0.36879618181818186,1.0,12,12,chat_gpt
846.7058823529412,640.6666666666666,0.393995,0.4603002857142857,1.1333333333333333,15,17,chat_gpt
359.47058823529414,312.8888888888889,0.33856325,0.15278561363636364,0.37777777777777777,45,17,chat_gpt
489.5,673.0,0.09638759999999999,0.013507333333333335,0.8571428571428571,7,6,chat_gpt
568.25,145.66666666666666,0.6178687142857144,0.473166,1.3333333333333333,6,8,chat_gpt
311.8,220.525,0.7137142222222221,0.16867300000000002,0.25,40,10,chat_gpt
433.3076923076923,250.19230769230768,0.44290699999999994,0.15415491999999997,0.5,26,13,chat_gpt
764.25,582.9264705882352,0.12775346511627905,0.08255540298507462,0.6470588235294118,68,44,chat_gpt
342.8,445.1666666666667,0.46763711111111117,0.38332645454545455,0.8333333333333334,12,10,chat_gpt
683.0,557.3636363636364,0.5203416363636364,0.533785,1.0909090909090908,11,12,chat_gpt
482.9,344.0,0.5345125555555555,0.4372413636363637,0.8333333333333334,12,10,chat_gpt
92.25,92.0,0.8136166666666665,1.220111,1.3333333333333333,3,4,chat_gpt
629.875,487.0,0.24023613333333332,0.2111640588235294,0.8888888888888888,18,16,chat_gpt
252.8181818181818,537.5333333333333,0.6138313,0.43230364285714284,0.7333333333333333,15,11,chat_gpt
413.2,107.0,1.49487125,2.395636,2.5,2,5,chat_gpt
713.6190476190476,689.6190476190476,0.30001520000000004,0.3160849,1.0,21,21,chat_gpt
253.2,392.07142857142856,0.40984588888888884,0.2838433846153846,0.7142857142857143,14,10,chat_gpt
136.0,166.0,1.0180407500000002,1.3543803333333335,1.25,4,5,chat_gpt
662.0,1272.117924528302,0.2943955217391304,0.03158670142180094,0.11320754716981132,212,24,chat_gpt
592.9,345.92,0.6110986666666666,0.172547125,0.4,25,10,chat_gpt
475.80555555555554,311.3809523809524,0.17305805714285716,0.10104637096774194,0.5714285714285714,63,36,chat_gpt
571.5833333333334,536.7272727272727,0.35327454545454545,0.33666589999999996,1.0909090909090908,11,12,chat_gpt
309.5,218.2439024390244,0.5569275555555556,0.16490860000000002,0.24390243902439024,41,10,chat_gpt
431.61538461538464,267.4634146341463,0.49950033333333327,0.17034405000000002,0.3170731707317073,41,13,chat_gpt
831.1538461538462,610.2,0.49505341666666663,0.6598753333333334,1.3,10,13,chat_gpt
688.3714285714286,465.45454545454544,0.17528979411764706,0.15041883720930233,0.7954545454545454,44,35,chat_gpt
683.1764705882352,352.5405405405405,0.41667981249999997,0.18646322222222222,0.4594594594594595,37,17,chat_gpt
618.9545454545455,694.3,0.3223199523809524,0.348582052631579,1.1,20,22,chat_gpt
371.3333333333333,323.8,0.6321387272727272,0.2897976666666667,0.48,25,12,chat_gpt
588.1428571428571,414.55172413793105,0.28770361538461536,0.16835971428571425,0.4827586206896552,29,14,chat_gpt
353.2,279.57142857142856,0.6816145555555556,0.1552820487804878,0.23809523809523808,42,10,chat_gpt
548.1,252.7948717948718,0.3392412222222222,0.17497657894736843,0.2564102564102564,39,10,chat_gpt
676.9230769230769,372.67857142857144,0.2128964,0.23041555555555554,0.9285714285714286,28,26,chat_gpt
612.6666666666666,479.0,0.55080125,0.6898123333333335,0.9,10,9,chat_gpt
394.44444444444446,273.34285714285716,0.70900775,0.15047205882352943,0.2571428571428571,35,9,chat_gpt
545.4666666666667,304.1190476190476,0.45154128571428576,0.16036965853658536,0.35714285714285715,42,15,chat_gpt
562.1724137931035,361.6,0.22090342857142858,0.17638100000000004,0.725,40,29,chat_gpt
460.15384615384613,601.8235294117648,0.5295788333333333,0.39207856250000006,0.7647058823529411,17,13,chat_gpt
133.83333333333334,203.44117647058823,0.45604940000000005,0.20326069696969695,0.17647058823529413,34,6,chat_gpt
419.07142857142856,255.1818181818182,0.30119261538461534,0.15954283720930232,0.3181818181818182,44,14,chat_gpt
708.047619047619,388.2325581395349,0.2928787,0.14046152380952381,0.4883720930232558,43,21,chat_gpt
659.8666666666667,383.9,0.16643035714285714,0.21884757894736845,0.75,20,15,chat_gpt
98.6,218.4,1.6433460000000002,0.20092723529411766,0.14285714285714285,35,5,chat_gpt
118.5,220.25641025641025,0.8697902857142858,0.1782265789473684,0.20512820512820512,39,8,chat_gpt
504.72727272727275,286.4,0.3642772,0.137256,0.36666666666666664,30,11,chat_gpt
308.6,138.28571428571428,0.5809925555555556,0.8652238333333334,1.4285714285714286,7,10,chat_gpt
993.5,1050.5,0.6266996666666667,1.796546,2.0,2,4,chat_gpt
119.14285714285714,130.28571428571428,0.8374611666666666,0.8371561666666666,1.0,7,7,chat_gpt
549.9230769230769,435.27272727272725,0.27828366666666665,0.2118977619047619,0.5909090909090909,22,13,chat_gpt
100.83333333333333,243.4857142857143,1.0497485999999998,0.18908691176470588,0.17142857142857143,35,6,chat_gpt
636.15,474.94117647058823,0.2789752105263158,0.13752092,0.39215686274509803,51,20,chat_gpt
411.0,382.57142857142856,0.40836130769230766,0.19453532352941175,0.4,35,14,chat_gpt
662.7727272727273,327.1794871794872,0.2564908095238095,0.14015413157894738,0.5641025641025641,39,22,chat_gpt
107.2,227.8235294117647,1.2956447500000001,0.1906480909090909,0.14705882352941177,34,5,chat_gpt
464.7692307692308,257.17857142857144,0.43734775000000004,0.24696140740740744,0.4642857142857143,28,13,chat_gpt
316.0,256.64102564102564,0.8739636666666667,0.17933405263157895,0.1794871794871795,39,7,chat_gpt
299.2,261.0,0.6028007777777779,0.35529422222222223,0.5263157894736842,19,10,chat_gpt
492.0,168.2,0.5062285,0.7505364999999999,1.0,5,5,chat_gpt
96.57142857142857,99.25,0.8124039999999999,1.6106993333333335,1.75,4,7,chat_gpt
95.0,91.0,5.13238,5.130932,1.0,2,2,chat_gpt
614.6451612903226,369.56410256410254,0.19108133333333333,0.15066705263157895,0.7948717948717948,39,31,chat_gpt
617.078947368421,414.73770491803276,0.1804645135135135,0.11160376666666667,0.6229508196721312,61,38,chat_gpt
98.0,837.0,0.0,0.0,1.0,1,1,chat_gpt
310.9047619047619,1126.236559139785,0.10182038709677421,0.037834670270270265,0.3387096774193548,186,63,spotify
320.4642857142857,1173.5503597122301,0.06619884337349398,0.012313037837837838,0.1510791366906475,556,84,spotify
244.16666666666666,1282.0324118207816,0.08038905660377359,0.005922272900763359,0.05147759771210677,1049,54,spotify
867.4230769230769,1126.313725490196,0.25165456,0.12601318,0.5098039215686274,51,26,spotify
446.29545454545456,1143.480487804878,0.1459487906976744,0.015465975550122248,0.1073170731707317,410,44,spotify
708.8571428571429,1159.1521739130435,0.4168628461538463,0.13551375555555553,0.30434782608695654,46,14,spotify
233.57142857142858,1107.3947368421052,0.9399665,0.15203729729729729,0.18421052631578946,38,7,spotify
476.0,1254.1875,2.688321,0.08730141935483872,0.0625,32,2,spotify
384.8181818181818,1070.047619047619,0.6589759,0.15882692682926824,0.2619047619047619,42,11,spotify
496.5,1203.3191489361702,0.36293581818181814,0.08742158695652173,0.2553191489361702,47,12,spotify
378.85714285714283,1182.3055555555557,0.6931928333333334,0.11806777142857143,0.19444444444444445,36,7,spotify
496.975,1202.8109965635738,0.12806200000000004,0.01729614137931034,0.13745704467353953,291,40,spotify
607.4166666666666,1217.7809523809524,0.3916019090909091,0.05250696153846154,0.11428571428571428,105,12,spotify
365.35820895522386,1114.889247311828,0.04632930075187971,0.006588334768568353,0.14408602150537633,930,134,spotify
479.6,999.0344827586207,0.24298341666666667,0.07404063953488373,0.28735632183908044,87,25,spotify
284.1860465116279,1155.273854961832,0.0473318984375,0.005929546322827124,0.12309160305343511,1048,129,spotify
384.8,1303.2442396313363,0.2590975833333333,0.009638367692307694,0.03840245775729647,651,25,spotify
668.4761904761905,1318.0967741935483,0.25501425,0.040537941558441565,0.13548387096774195,155,21,spotify
567.1320754716982,1207.3634259259259,0.10392338461538463,0.01256424825986079,0.12268518518518519,432,53,spotify
641.0769230769231,1292.1116279069768,0.5378420833333334,0.03105525700934579,0.06046511627906977,215,13,spotify
731.0,1306.0342857142857,0.31533266666666665,0.027083206896551727,0.09142857142857143,175,16,spotify
296.0925925925926,1321.677293934681,0.11975415094339621,0.004944343968871596,0.041990668740279936,1286,54,spotify
304.45,1270.7620396600566,0.08050964102564102,0.00509156427221172,0.03777148253068933,1059,40,spotify
202.0,1134.2708333333333,0.683089142857143,0.10267944680851065,0.16666666666666666,48,8,spotify
279.6388888888889,1200.3950617283951,0.10734711428571429,0.008370987632508833,0.06349206349206349,567,36,spotify
287.1914893617021,1193.274052478134,0.1047116956521739,0.005956340466926068,0.0456754130223518,1029,47,spotify
699.3684210526316,393.1764705882353,0.3057825555555555,0.3419016875,1.1176470588235294,17,19,spotify
252.6,1137.2820512820513,1.41584525,0.14866200000000002,0.1282051282051282,39,5,spotify
283.2,1164.6410256410256,0.5347627500000001,0.056066078947368425,0.1282051282051282,39,5,spotify
726.8,1277.0210526315789,0.8235345,0.0350963085106383,0.05263157894736842,95,5,spotify
106.4,106.0,0.8072735,1.0753403333333333,1.25,4,5,spotify
1147.3333333333333,1293.1714285714286,0.2539515,0.015332382352941177,0.08571428571428572,35,3,spotify
492.84615384615387,1054.8222222222223,0.37916749999999994,0.10310749999999999,0.28888888888888886,45,13,spotify
648.4166666666666,645.7142857142857,0.0889564,0.11440992592592593,1.2857142857142858,28,36,spotify
423.22641509433964,1199.8752997601919,0.11473811538461537,0.014352105769230768,0.12709832134292565,417,53,spotify
575.2272727272727,1187.4105263157894,0.270353380952381,0.059732670212765966,0.23157894736842105,95,22,spotify
